16.000,476724.8693,478162.5318
16.005,475467.7144,477119.2077
16.010,474590.8729,476491.7912
16.015,474083.9269,476210.6149
16.020,473893.1558,476216.2235
16.025,474217.3381,476774.1514
16.030,475308.6737,478130.5355
16.035,477429.0286,480452.1035
16.040,480755.9976,484040.9127
16.045,483385.9994,486853.2904
16.050,484195.984,487822.5868
16.055,484118.4946,487913.332
16.060,482778.2283,486706.554
16.065,480246.5774,484299.4857
16.070,475390.3574,479529.762
16.075,471546.9684,475721.9621
16.080,469960.7314,474172.8488
16.085,470164.7193,474445.1898
16.090,472406.0724,476748.8856
16.095,476782.1985,481126.4222
16.100,480933.6403,485280.2523
16.105,483066.6739,487464.2801
16.110,483216.4021,487705.8079
16.115,481769.5458,486263.0559
16.120,478625.1201,483122.1085
16.125,476436.6021,480928.9671
16.130,475695.183,480214.0643
16.135,475719.3497,480225.8374
16.140,476496.3901,481049.0529
16.145,477518.6322,482122.4546
16.150,478238.7711,482895.8836
16.155,478761.1229,483519.5662
16.160,478818.8911,483692.8763
16.165,478701.9458,483708.9973
16.170,478737.3742,483881.7279
16.175,479357.8168,484612.3122
16.180,480364.9396,485764.8193
16.185,481737.6082,487251.3899
16.190,483743.5369,489399.642
16.195,485639.2453,491408.537
16.200,486197.8052,492058.6021
16.205,486037.4905,492008.9469
16.210,483877.698,489989.0332
16.215,479301.3331,485519.9012
16.220,475346.8098,481665.3476
16.225,473934.8149,480322.0962
16.230,473984.7702,480440.8653
16.235,475865.4863,482381.2455
16.240,481256.5415,487840.8395
16.245,485754.8468,492358.1785
16.250,487684.3316,494312.0139
16.255,487983.8021,494659.4823
16.260,486671.73,493361.2101
16.265,482642.1222,489370.9862
16.270,478285.3254,485065.3411
16.275,474751.4551,481564.6061
16.280,473131.6745,479957.0966
16.285,473173.7568,479982.9651
16.290,475319.7073,482136.6171
16.295,479052.7303,485890.4059
16.300,481612.0443,488506.4461
16.305,483447.9008,490404.8686
16.310,483902.9235,490903.8668
16.315,483110.6544,490206.7311
16.320,480991.7623,488166.5463
16.325,478244.057,485489.6427
16.330,476048.834,483391.4257
16.335,475352.6134,482822.6541
16.340,475278.1034,482875.12
16.345,475732.7976,483470.0318
16.350,477298.8317,485157.8072
16.355,479077.4258,487093.4195
16.360,480848.2862,489004.3603
16.365,481484.7073,489816.9518
16.370,481332.8935,489834.4361
16.375,480255.5123,488935.6743
16.380,479080.4605,487945.357
16.385,478543.2696,487595.0881
16.390,478619.9203,487836.8371
16.395,479103.9866,488487.8566
16.400,479737.615,489327.9777
16.405,480451.2553,490239.8308
16.410,480796.5204,490786.3385
16.415,480389.2298,490543.2145
16.420,479302.3121,489608.7312
16.425,477907.4238,488348.0154
16.430,477339.0206,487941.3777
16.435,477580.5329,488344.0906
16.440,479715.0972,490615.0127
16.445,482292.4109,493324.0467
16.450,484217.479,495379.7486
16.455,484606.6472,495945.2256
16.460,483288.868,494737.3968
16.465,479595.0991,491097.1812
16.470,475725.3638,487296.0006
16.475,472513.9376,484082.0508
16.480,471802.5702,483326.4983
16.485,472759.6081,484239.3267
16.490,476160.4929,487524.7719
16.495,480803.0485,492046.8224
16.500,483999.2135,495116.6003
16.505,486263.3702,497200.4043
16.510,486501.9958,497322.8932
16.515,484453.1119,495015.0957
16.520,482788.234,493258.4041
16.525,478344.7627,488559.3981
16.530,477004.7557,487127.8439
16.535,476268.4362,486056.9617
16.540,476235.4125,485882.8468
16.545,476479.1726,485824.6244
16.550,477392.4391,486614.3918
16.555,479898.3034,488879.837
16.560,481813.8799,490756.1381
16.565,483767.0584,492421.7461
16.570,484744.8658,493177.3696
16.575,485313.2648,493421.7739
16.580,485420.9333,493426.4093
16.585,485423.5696,493223.4247
16.590,485269.794,493045.1587
16.595,484785.432,492488.5055
16.600,484408.7651,492071.8417
16.605,482916.1577,490487.7787
16.610,481759.9071,489280.2221
16.615,479439.34,486744.6155
16.620,478550.3992,485748.2371
16.625,478022.0532,485063.5103
16.630,478293.6219,485316.4887
16.635,480577.3013,487537.3688
16.640,482867.5668,489884.4974
16.645,485706.9057,492681.6411
16.650,486700.7293,493704.8002
16.655,486344.5262,493242.3593
16.660,485141.5654,492009.1646
16.665,480424.405,487221.5759
16.670,477711.571,484635.0707
16.675,474455.6207,481395.7739
16.680,474199.9867,481361.3642
16.685,475478.9777,482797.1801
16.690,477645.01,485309.8794
16.695,483121.8227,490844.5748
16.700,486191.7255,494177.9766
16.705,488060.8439,496157.4381
16.710,488343.0904,496745.9423
16.715,487085.5955,495404.6078
16.720,484497.8381,492726.0757
16.725,481946.6403,489967.8623
16.730,479809.3837,487508.292
16.735,478966.1152,486224.9981
16.740,478252.5892,485104.1137
16.745,478213.145,484575.6257
16.750,478773.4433,484615.8722
16.755,480155.8409,485488.9935
16.760,482163.6803,486976.2033
16.765,484190.777,488464.5889
16.770,485269.6491,489059.5161
16.775,485987.2678,489290.8682
16.780,486421.0509,489262.1143
16.785,486461.7195,488849.0286
16.790,486097.1457,488069.349
16.795,485127.0412,486756.1199
16.800,483272.5134,484559.9644
16.805,481054.5737,481934.0105
16.810,479140.583,479669.4943
16.815,478014.7514,478270.6324
16.820,477720.9981,477729.3561
16.825,478193.3538,478000.2754
16.830,480209.9921,479833.6348
16.835,482111.7859,481493.5463
16.840,483208.6455,482332.7326
16.845,483380.2138,482246.2378
16.850,483133.1409,481769.9756
16.855,482413.3663,480859.1848
16.860,481868.4656,480094.1207
16.865,481552.3446,479574.3257
16.870,481348.351,479207.3902
16.875,481093.4388,478869.1464
16.880,480845.6187,478565.7819
16.885,480655.4202,478367.8077
16.890,480219.0032,477997.2177
16.895,480052.9893,477906.9404
16.900,480309.0121,478222.7563
16.905,481735.5812,479717.7046
16.910,483848.6325,481870.9514
16.915,485591.4156,483562.3704
16.920,486421.0101,484481.1155
16.925,486682.4826,484710.4832
16.930,485652.2552,483686.3179
16.935,482829.7559,480984.2832
16.940,478544.4925,477066.9757
16.945,475448.3419,474513.0874
16.950,474767.6168,474243.245
16.955,475196.7353,475044.8989
16.960,478015.411,477954.8279
16.965,482257.2268,482128.0751
16.970,485419.6569,485265.345
16.975,487023.0864,486760.8922
16.980,487681.7744,487303.3408
16.985,487416.4747,486798.0546
16.990,485288.6644,484460.4387
16.995,482646.7293,481747.1527
17.000,480688.2301,479783.548
17.005,479702.5685,478876.0062
17.010,479606.8299,478983.5415
17.015,480291.6141,479852.1161
17.020,482114.07,481937.7717
17.025,485100.7118,485209.0035
17.030,486896.7593,487270.127
17.035,487918.3732,488489.7455
17.040,487931.3457,488761.3816
17.045,487042.1941,488152.3025
17.050,485369.0953,486754.0038
17.055,483953.1621,485618.1797
17.060,482920.1144,484845.2949
17.065,482380.3334,484529.3797
17.070,482141.8391,484419.0771
17.075,482171.2821,484602.4478
17.080,482429.0407,485061.2495
17.085,482631.9528,485464.1369
17.090,482827.1804,485769.5747
17.095,483292.8738,486282.0042
17.100,483723.7487,486725.4134
17.105,483960.1361,487055.6775
17.110,484227.518,487382.606
17.115,484396.8132,487609.1771
17.120,484442.995,487629.7907
17.125,484179.2876,487376.7932
17.130,483377.6665,486578.881
17.135,481464.8026,484676.8063
17.140,478847.3057,482048.9597
17.145,478265.5163,481446.7711
17.150,478478.3701,481725.321
17.155,479866.4736,483157.5652
17.160,482993.9021,486263.6352
17.165,485501.4437,488747.4718
17.170,486266.7701,489471.4104
17.175,485957.4,489133.911
17.180,483726.9187,486849.8904
17.185,480109.7449,483175.7908
17.190,477654.4113,480611.1621
17.195,476217.0434,479014.465
17.200,476137.5213,478753.0983
17.205,477200.1966,479679.375
17.210,479121.6247,481389.3621
17.215,481150.4897,483251.1311
17.220,482872.4135,484880.3324
17.225,484066.5108,486028.6713
17.230,484641.5356,486467.9431
17.235,484453.5324,486134.8353
17.240,483677.1496,485269.9333
17.245,482810.8923,484267.8405
17.250,482187.4116,483525.3535
17.255,481793.5371,482967.7669
17.260,481415.1417,482365.8604
17.265,480767.6235,481490.7181
17.270,480078.6592,480579.152
17.275,479753.9423,479968.42
17.280,479695.3134,479557.8598
17.285,479602.7625,479007.4936
17.290,479797.0719,478999.674
17.295,480738.185,479693.2839
17.300,482355.5844,481033.9231
17.305,484602.7654,482820.5191
17.310,486776.6595,484766.3359
17.315,488289.618,485976.7146
17.320,488541.8898,485941.6758
17.325,487793.664,484878.5198
17.330,484862.0358,481668.4549
17.335,480912.5793,477486.9421
17.340,476572.1505,472764.1627
17.345,475928.5172,471968.4039
17.350,476870.5332,472770.8383
17.355,480471.2878,476279.9291
17.360,487061.1366,482683.2861
17.365,491084.0771,486640.8994
17.370,492152.4947,487687.9511
17.375,491763.105,487258.9914
17.380,488342.3085,483802.4678
17.385,484029.9881,479462.8673
17.390,480828.5735,476272.4505
17.395,478785.1878,474214.9142
17.400,478031.9709,473413.5404
17.405,478508.7013,473803.8865
17.410,480856.712,476072.0937
17.415,483970.3709,479121.2044
17.420,486779.8664,481828.5041
17.425,487986.6363,482914.2828
17.430,487929.0898,482710.3296
17.435,486878.1231,481504.5039
17.440,485351.7749,479905.5099
17.445,484138.8228,478617.2195
17.450,483365.829,477849.782
17.455,483372.5343,477802.602
17.460,483606.4841,477996.9205
17.465,483675.3416,478101.3251
17.470,483611.4533,478124.3691
17.475,483332.0277,477952.1187
17.480,482907.452,477656.9411
17.485,482661.1426,477593.7288
17.490,482725.1071,477858.2961
17.495,483395.4003,478638.2917
17.500,485142.8384,480494.1982
17.505,487317.5687,482825.0615
17.510,489809.5185,485480.3023
17.515,491715.369,487529.0625
17.520,492374.5253,488228.4217
17.525,491718.7264,487643.0354
17.530,487919.4762,483958.1042
17.535,483500.6948,479721.8466
17.540,480944.6742,477306.0421
17.545,480436.8442,476941.4491
17.550,480809.9206,477477.3403
17.555,482963.8041,479783.05
17.560,486948.3989,483992.3933
17.565,490101.1842,487337.8083
17.570,492328.4118,489773.5352
17.575,492442.5318,490118.5234
17.580,490981.6371,488904.8773
17.585,488058.171,486239.9135
17.590,485337.5229,483752.5563
17.595,484133.9767,482785.6819
17.600,483295.7732,482213.4482
17.605,482858.4409,482019.8383
17.610,482670.875,482021.3579
17.615,482718.0976,482245.0229
17.620,482999.6863,482713.7128
17.625,483685.4918,483605.101
17.630,484361.0123,484520.561
17.635,485142.7777,485612.8687
17.640,485927.2316,486642.4375
17.645,486326.7238,487313.8825
17.650,486164.57,487415.0248
17.655,484882.7215,486441.0569
17.660,482020.698,483854.7849
17.665,478925.1084,481014.513
17.670,477430.2896,479775.8261
17.675,476810.4647,479466.1562
17.680,476735.9127,479613.3998
17.685,476986.1861,480033.1555
17.690,477789.1156,481055.0421
17.695,478877.7296,482376.7049
17.700,479580.205,483389.4039
17.705,480246.7187,484477.5722
17.710,480612.0397,485212.1127
17.715,480816.4069,485731.7388
17.720,480961.5934,485899.334
17.725,480489.579,485398.7073
17.730,479292.722,484169.8797
17.735,478242.2489,482871.2222
17.740,475921.2497,480326.5436
17.745,474633.4935,478960.6469
17.750,474497.7208,478669.341
17.755,474921.7921,478927.2144
17.760,477043.3154,480803.9366
17.765,480303.7134,483689.5754
17.770,483836.4658,486948.5118
17.775,485430.8126,488447.4297
17.780,485785.0498,488775.1798
17.785,485143.3498,488166.4746
17.790,482962.6091,485979.6957
17.795,479994.7364,482963.2209
17.800,478316.024,481160.4636
17.805,477804.0636,480832.8153
17.810,477828.3322,480977.612
17.815,478388.6245,481610.5492
17.820,479343.6951,482690.96
17.825,479679.0191,483212.1073
17.830,479849.3904,483596.1498
17.835,480108.3445,483933.9296
17.840,480347.5109,484283.7255
17.845,480581.5689,484802.7648
17.850,480996.4127,485543.0873
17.855,481427.8978,486153.4925
17.860,481812.4819,486618.2199
17.865,482007.3395,486913.9023
17.870,481555.4788,486637.9126
17.875,480467.6145,485624.7244
17.880,478930.0848,484091.5184
17.885,477032.4684,482158.855
17.890,476402.1929,481603.4045
17.895,476761.0813,482021.3223
17.900,478744.0437,484045.0259
17.905,482535.239,487849.4557
17.910,486859.5584,492152.541
17.915,489203.4303,494482.0099
17.920,489986.8632,495306.9742
17.925,489071.7864,494493.8919
17.930,486062.1621,491572.3317
17.935,481803.498,487427.6912
17.940,479140.3074,484808.8697
17.945,478373.5879,484146.9768
17.950,478393.5349,484242.3661
17.955,480127.079,486038.6686
17.960,483137.9418,488976.4444
17.965,488527.0893,494169.4827
17.970,490712.4725,496156.1894
17.975,491496.0433,496666.3241
17.980,491132.6913,495970.6211
17.985,489174.2526,493688.1832
17.990,486166.1101,490424.8587
17.995,483945.0654,487841.3434
18.000,482651.6576,486054.2265
18.005,482615.3154,485493.6518
18.010,483114.4226,485595.5393
18.015,484080.245,486225.525
18.020,485163.3966,486917.8736
18.025,486302.8298,487662.6526
18.030,487267.4687,488265.5866
18.035,488078.5106,488815.7274
18.040,488735.1698,489155.0082
18.045,489269.3541,489353.7751
18.050,489902.9976,489638.2507
18.055,490217.5734,489551.826
18.060,489982.081,488922.7511
18.065,489476.4962,488045.3064
18.070,488401.2108,486655.9165
18.075,487070.2388,485038.3666
18.080,486235.401,483901.3801
18.085,485948.6183,483346.1708
18.090,486645.6854,483800.7991
18.095,488450.7132,485405.4658
18.100,491159.2498,487922.1372
18.105,494534.4067,491136.1271
18.110,496551.1976,493014.5435
18.115,497049.7232,493370.1225
18.120,495666.1237,491824.8356
18.125,491494.0565,487525.5559
18.130,486596.5455,482505.874
18.135,483406.5097,479177.9931
18.140,482439.939,478081.9028
18.145,482810.4187,478307.5193
18.150,485667.306,481047.3202
18.155,490820.3127,486081.1642
18.160,494566.3605,489722.3776
18.165,496188.3533,491249.5651
18.170,496508.9198,491448.2883
18.175,495528.8466,490388.34
18.180,493675.3099,488431.0474
18.185,490987.2055,485659.1564
18.190,488995.285,483571.8641
18.195,487934.1089,482360.2454
18.200,487845.0669,482200.1282
18.205,488326.4798,482504.5239
18.210,489361.786,483226.5544
18.215,490614.451,484217.3403
18.220,491524.2209,484935.6881
18.225,492265.9889,485467.7222
18.230,492596.0125,485727.8312
18.235,492375.7132,485708.2099
18.240,491900.1668,485382.5607
18.245,491660.4914,485340.8223
18.250,491779.7938,485732.5695
18.255,491921.6678,486082.6508
18.260,492061.1146,486216.488
18.265,492043.3699,485979.9979
18.270,491382.8792,485074.1928
18.275,490088.7034,483843.7133
18.280,488681.9183,482678.6148
18.285,487917.566,482166.4154
18.290,487627.1408,482099.1483
18.295,487886.8737,482275.751
18.300,489675.6319,483889.4489
18.305,492525.0102,486697.171
18.310,494722.4207,489043.4402
18.315,495430.7693,489953.9804
18.320,494815.7122,489489.6138
18.325,492495.0995,487163.426
18.330,488616.7172,483210.0167
18.335,486341.6402,480864.7381
18.340,484386.7175,478948.7254
18.345,484027.4993,478623.0032
18.350,484711.2404,479285.3336
18.355,486226.8688,480767.8699
18.360,488798.8134,483298.9148
18.365,490739.422,485203.1166
18.370,491848.3039,486304.7717
18.375,492276.3418,486736.8845
18.380,492908.8905,487348.1357
18.385,493092.8762,487442.9634
18.390,493111.8427,487340.1222
18.395,492812.998,486926.9857
18.400,492002.327,486038.3116
18.405,490156.1327,484090.6481
18.410,487844.7419,481678.3704
18.415,485409.3036,479091.6958
18.420,483681.3493,477140.0654
18.425,483366.0471,476557.5391
18.430,484016.2238,476910.0314
18.435,485933.6603,478531.7413
18.440,488890.9169,481220.5203
18.445,491251.437,483296.7243
18.450,493047.1575,484820.8783
18.455,493307.5369,484827.8799
18.460,492193.9491,483498.5905
18.465,488570.9212,479650.1072
18.470,483620.8516,474552.2774
18.475,480062.5543,470849.5064
18.480,479092.554,469759.4207
18.485,479001.0139,469572.3423
18.490,479728.7722,470278.1378
18.495,482485.1433,473060.2975
18.500,484978.8694,475630.3066
18.505,486782.7491,477559.1059
18.510,487103.3288,478072.5212
18.515,486315.1048,477602.7523
18.520,484083.1214,475737.9447
18.525,481194.2161,473311.0986
18.530,479110.9041,471699.0589
18.535,478096.3724,471218.4845
18.540,477652.466,471304.5943
18.545,477904.4758,472148.0631
18.550,478911.8821,473758.1011
18.555,480468.5998,475903.0799
18.560,481770.8602,477786.5748
18.565,482510.2704,479021.3291
18.570,482826.9763,479717.9836
18.575,482752.9744,479801.9618
18.580,482654.8327,479780.3066
18.585,482468.2646,479602.0559
18.590,482375.4888,479442.8643
18.595,482107.3657,478956.0951
18.600,481461.839,478096.6693
18.605,480089.9179,476564.6524
18.610,478592.4045,475066.2935
18.615,476848.4914,473327.1744
18.620,476235.8478,472784.9982
18.625,476339.0449,473079.1287
18.630,477449.5204,474530.3892
18.635,480376.527,477881.6358
18.640,483095.1171,481100.2429
18.645,485000.184,483402.175
18.650,485833.4685,484613.5315
18.655,485578.0004,484730.6267
18.660,484165.3783,483522.4929
18.665,480588.5373,479997.6557
18.670,477706.0162,477136.859
18.675,475702.2894,475204.0886
18.680,475164.5875,474793.6613
18.685,475957.7827,475738.307
18.690,478110.8739,478034.6059
18.695,480825.3335,480928.4424
18.700,483361.4024,483810.8182
18.705,484808.361,485867.7895
18.710,485166.4203,486930.4368
18.715,484367.8164,486496.1442
18.720,482305.3438,484395.2048
18.725,480074.2012,481752.6949
18.730,477006.9496,478385.1124
18.735,475138.7826,476589.9414
18.740,474316.0888,475987.418
18.745,474048.5612,475990.2775
18.750,474542.297,476841.9359
18.755,476651.969,479344.2227
18.760,478850.8086,481706.3369
18.765,480618.5312,483512.3178
18.770,482209.0513,485088.5452
18.775,483010.2556,485713.7269
18.780,483088.7655,485477.3969
18.785,482617.0911,484520.334
18.790,481366.0801,482768.4974
18.795,479204.2944,479996.768
18.800,476782.5024,476724.4913
18.805,474353.4559,473518.3738
18.810,472750.657,471219.1834
18.815,472192.4968,470810.1111
18.820,472548.601,471872.0626
18.825,474246.4607,473923.7236
18.830,477652.6378,477514.5366
18.835,481595.2952,481629.5622
18.840,483686.3432,483953.4388
18.845,484373.1753,484583.6339
18.850,483634.7967,483944.3651
18.855,481089.6822,481602.3436
18.860,477384.4181,478288.4025
18.865,474224.5907,475538.1555
18.870,472919.4661,474469.6428
18.875,472982.8127,474664.8963
18.880,473604.9771,475574.1636
18.885,475282.4459,477521.2001
18.890,477735.6196,480112.5664
18.895,480602.2439,483027.9977
18.900,482248.6221,484808.5226
18.905,483051.8598,485677.1219
18.910,483078.0956,485674.042
18.915,482428.269,484940.9772
18.920,481847.1081,484207.9193
18.925,481685.6935,483815.2428
18.930,481710.5572,483531.0587
18.935,481843.5399,483420.7885
18.940,481918.8588,483289.15
18.945,481729.7595,482859.1704
18.950,481759.7585,482804.1148
18.955,482470.1207,483448.6183
18.960,484065.0897,484852.5847
18.965,486609.3029,487315.0383
18.970,489716.9868,490406.3103
18.975,491656.2214,492325.7214
18.980,492395.7121,493111.5746
18.985,492163.6812,493009.0833
18.990,490845.1764,491817.0348
18.995,486645.6038,487627.6157
19.000,484298.3087,485346.8578
19.005,483394.7267,484558.6317
19.010,483297.1912,484400.5424
19.015,484157.17,485101.8492
19.020,486166.3163,486895.5976
19.025,487774.2721,488325.2629
19.030,489662.3659,489863.7794
19.035,490903.1448,490557.1588
19.040,491778.167,490812.18
19.045,492270.3885,490623.5123
19.050,492375.5342,490300.8275
19.055,492338.662,490156.2041
19.060,491652.2887,489539.0981
19.065,490757.5867,489217.5732
19.070,489842.8973,488045.8932
19.075,488423.6322,484872.7991
19.080,487392.775,483059.0143
19.085,486823.357,483042.4998
19.090,486645.4245,483567.7595
19.095,487074.23,484467.8656
19.100,488993.0349,486615.5449
19.105,490985.9247,488913.7663
19.110,492111.237,490271.0216
19.115,492137.5923,490291.8218
19.120,491145.8645,489318.2324
19.125,488922.823,487124.7055
19.130,486121.333,484446.5357
19.135,484116.1695,482485.6668
19.140,482971.0166,481289.0875
19.145,482970.2347,481221.9961
19.150,483820.5063,482029.6365
19.155,485643.2134,483803.0413
19.160,487073.4876,485186.5924
19.165,487658.8751,485748.874
19.170,487823.1506,485969.4119
19.175,487341.0653,485549.3951
19.180,486678.4285,485017.6739
19.185,486097.0987,484628.79
19.190,485292.9636,484057.6535
19.195,484197.1857,483242.9844
19.200,483350.2651,482803.6611
19.205,482296.472,482180.5372
19.210,480792.2696,481278.547
19.215,480480.6078,481281.2316
19.220,480456.7951,481605.0812
19.225,480635.3557,482175.8296
19.230,481424.9802,483297.3955
19.235,482482.7987,484614.0133
19.240,483304.7982,485612.8774
19.245,483840.9123,486152.9807
19.250,484081.8904,486336.0899
19.255,483956.5552,486083.1596
19.260,482842.7909,484863.9283
19.265,480359.2814,482230.4102
19.270,478764.5743,480454.9755
19.275,475952.9067,477265.2825
19.280,475632.7685,476784.0432
19.285,476103.8289,477064.5976
19.290,477607.3113,478492.0296
19.295,484157.126,484871.7636
19.300,486965.9143,487545.8437
19.305,488481.6129,488937.1667
19.310,488613.8648,488949.4455
19.315,486956.8945,487134.4126
19.320,485550.7733,485598.2888
19.325,482509.2564,482358.2071
19.330,480904.1971,480612.1939
19.335,478927.0591,478464.6413
19.340,478425.5886,477871.0799
19.345,478932.8283,478191.7655
19.350,479868.744,479126.4623
19.355,483153.6431,482318.5902
19.360,485087.0442,484203.8371
19.365,487541.626,486409.4193
19.370,488592.9319,487337.4858
19.375,489297.8991,487781.1643
19.380,489252.093,487687.2703
19.385,488511.1402,487012.4227
19.390,487920.8584,486650.386
19.395,486918.9254,485990.609
19.400,486189.1773,485462.1599
19.405,484188.9128,483659.8881
19.410,483395.9352,482917.1988
19.415,481829.2555,481560.6407
19.420,481374.9179,481379.116
19.425,481069.2672,481398.4489
19.430,481483.9883,481872.8248
19.435,483547.4392,483815.0251
19.440,485181.7013,485352.7665
19.445,487480.2211,487499.0662
19.450,488324.1093,488243.7456
19.455,488334.4772,487908.2593
19.460,487592.0788,487023.2695
19.465,483750.2253,483080.2264
19.470,482307.9821,481568.9401
19.475,480594.0542,479284.7415
19.480,480587.2662,478589.4957
19.485,481202.8955,478732.1653
19.490,482535.7856,480103.4105
19.495,484229.8079,481865.6579
19.500,484845.4763,482649.6436
19.505,484743.3512,482719.6063
19.510,484348.014,482566.6766
19.515,483316.1299,481903.8239
19.520,482928.1475,481855.9402
19.525,482387.0596,481805.0825
19.530,482284.1496,482109.7529
19.535,482126.151,482084.8003
19.540,482028.0037,482369.4853
19.545,481940.4542,482253.5631
19.550,481950.8416,481877.8379
19.555,481910.7591,481311.4326
19.560,481995.7913,481166.734
19.565,482578.4409,481481.1084
19.570,483352.7434,482395.7752
19.575,485461.8248,483719.7544
19.580,486946.529,484567.5216
19.585,488500.594,485084.278
19.590,488734.168,484844.0337
19.595,487773.2272,483077.4498
19.600,485801.7117,480385.2931
19.605,480717.8376,474035.5148
19.610,480102.8593,472271.6416
19.615,480853.6128,472004.4713
19.620,482276.3128,472762.4118
19.625,487484.6179,477589.0756
19.630,490005.9387,480050.3643
19.635,491970.1732,482709.9285
19.640,492405.939,484360.4989
19.645,491571.4371,485098.3768
19.650,489668.7886,484540.378
19.655,484323.1963,480842.0321
19.660,481781.2192,478795.3196
19.665,479183.3765,476938.8704
19.670,478492.0402,477020.8132
19.675,478552.5741,478491.2341
19.680,479814.3338,480121.1073
19.685,481908.2211,482020.601
19.690,483803.6392,483774.0991
19.695,484649.3124,484780.4505
19.700,484753.9975,485276.8215
19.705,483847.7457,484466.0542
19.710,482143.4066,482927.9113
19.715,480643.6066,481429.9718
19.720,479154.3253,480022.3072
19.725,477984.6709,478892.2127
19.730,476166.5087,477177.0023
19.735,474535.6038,475810.3039
19.740,473299.1063,474957.0398
19.745,472424.6325,474420.3349
19.750,471826.1744,474155.0853
19.755,471735.723,474389.5551
19.760,472677.0074,475586.8455
19.765,474736.6037,477735.7915
19.770,478214.7179,481314.0921
19.775,480606.5842,483928.3195
19.780,481389.5433,484995.2266
19.785,480947.2013,484804.3373
19.790,478162.6754,482219.1518
19.795,473196.7077,477472.0633
19.800,467826.1718,472302.0593
19.805,465845.976,470428.4226
19.810,465839.2304,470499.2505
19.815,467533.2879,472256.5852
19.820,471751.2358,476501.0988
19.825,475461.595,480190.9364
19.830,478091.6577,482802.1942
19.835,478962.0182,483697.1405
19.840,479045.208,483829.3218
19.845,478344.9259,483154.6817
19.850,476756.8163,481611.3447
19.855,474670.963,479642.6582
19.860,473140.8702,478190.7677
19.865,472165.5451,477245.8827
19.870,471272.9341,476324.834
19.875,470514.4461,475526.1395
19.880,469789.4396,474812.7184
19.885,469109.0368,474144.9085
19.890,468681.5722,473702.9565
19.895,468864.1876,473856.5458
19.900,469577.434,474564.3426
19.905,470990.6776,475929.9939
19.910,473108.2631,478035.7323
19.915,475556.179,480457.7018
19.920,476567.7136,481370.9056
19.925,476784.4816,481478.0623
19.930,475726.1741,480364.7275
19.935,472602.7277,477241.2292
19.940,469318.151,473889.5253
19.945,467404.3017,471737.9032
19.950,466916.6556,471004.3313
19.955,468051.62,471928.7439
19.960,472013.7049,475660.873
19.965,476024.2979,479380.8618
19.970,479914.3238,483042.7272
19.975,481701.3617,484601.6066
19.980,481625.3579,484297.0549
19.985,479606.2797,481846.8778
19.990,475442.2742,477181.9032
19.995,471912.7834,473129.6562
20.000,470541.6461,471127.7601
20.005,470513.7259,470378.9338
20.010,472290.4736,471651.5245
20.015,475691.7416,474828.9942
20.020,480255.8039,479386.5769
20.025,483018.0852,482231.3887
20.030,484399.7568,483594.8594
20.035,484669.0176,483827.2116
20.040,483835.9522,483069.8111
20.045,481833.3081,481113.3538
20.050,479669.2521,479045.8006
20.055,478577.0995,477902.2235
20.060,477866.5447,477152.0225
20.065,477771.5187,477067.6164
20.070,478111.4889,477431.0362
20.075,478745.9837,478088.8739
20.080,479694.5124,479071.6263
20.085,480648.1709,480004.652
20.090,481240.6669,480633.0635
20.095,481461.9796,480872.8878
20.100,481582.1429,481049.2618
20.105,481676.866,481228.9088
20.110,481997.5138,481634.3696
20.115,482846.3683,482593.004
20.120,483715.8268,483576.0318
20.125,484263.8384,484252.3502
20.130,483847.8929,483956.9656
20.135,482362.9061,482581.8041
20.140,479567.5258,479930.5854
20.145,475745.3563,476330.7357
20.150,474663.1955,475340.3539
20.155,474792.5383,475647.4367
20.160,477064.2767,478054.6396
20.165,481281.8697,482301.1251
20.170,484334.9454,485435.464
20.175,485867.065,487116.1394
20.180,485649.4202,487006.3577
20.185,483616.4983,484989.6653
20.190,478243.3812,479598.4948
20.195,472839.4409,474228.9066
20.200,469289.6431,470674.9922
20.205,467910.9512,469218.293
20.210,468804.6377,470083.3504
20.215,473510.8771,474762.225
20.220,478976.2976,480210.2996
20.225,482238.5856,483458.352
20.230,483088.8466,484315.0421
20.235,481939.9166,483169.8061
20.240,478324.0376,479553.8712
20.245,474426.8287,475709.4113
20.250,471919.308,473214.65
20.255,470683.2429,471989.3984
20.260,470313.558,471659.8123
20.265,470454.3465,471848.1835
20.270,470888.2508,472313.7927
20.275,471441.7759,472903.6139
20.280,471859.0262,473380.0148
20.285,472147.3563,473711.6318
20.290,472280.0668,473875.8786
20.295,472191.8788,473784.4449
20.300,472419.5221,473981.2891
20.305,473151.7863,474657.9191
20.310,474355.4237,475804.3568
20.315,475700.9842,477083.8746
20.320,476245.2377,477566.3996
20.325,475699.2659,476942.0428
20.330,473690.1803,474876.9006
20.335,469502.3066,470592.507
20.340,466543.6415,467559.485
20.345,465212.7879,466075.7422
20.350,465723.484,466457.6507
20.355,467877.6807,468477.5286
20.360,472515.9872,472929.3281
20.365,477039.8459,477305.5291
20.370,479550.5913,479666.0881
20.375,480093.4046,480029.1483
20.380,479578.5177,479321.4432
20.385,476848.3271,476462.5139
20.390,472828.5584,472308.4816
20.395,469768.8485,469100.7697
20.400,468319.9285,467498.27
20.405,468349.3651,467383.7125
20.410,469274.8442,468211.5443
20.415,471676.246,470519.6223
20.420,474639.4385,473395.1846
20.425,476498.2672,475103.3932
20.430,477607.5184,476102.7151
20.435,478003.1368,476533.9006
20.440,477874.3189,476448.4203
20.445,477170.0245,476036.1062
20.450,475974.5384,475278.343
20.455,474304.3568,474038.5716
20.460,472326.4344,472553.4367
20.465,470466.1668,471229.9198
20.470,468995.08,470103.4507
20.475,468385.3814,469725.4159
20.480,468415.2432,469886.0334
20.485,469074.8683,470545.6925
20.490,469958.0608,471312.5782
20.495,471252.3021,472330.6934
20.500,472981.2475,473669.7527
20.505,475122.9339,475441.9862
20.510,477171.9845,477075.1425
20.515,478799.0447,477961.6217
20.520,479734.488,478119.3227
20.525,479785.9758,477651.6091
20.530,478856.1758,476393.4101
20.535,477302.9861,474630.6857
20.540,474060.574,471170.1339
20.545,471997.7572,468830.1979
20.550,472125.1787,468533.5169
20.555,473069.2448,469141.6872
20.560,476145.819,472016.9234
20.565,481283.227,477112.8948
20.570,484904.5472,480799.1405
20.575,486430.402,482365.3082
20.580,486475.7708,482400.327
20.585,484536.1339,480502.3727
20.590,479626.389,475747.5535
20.595,476048.7023,472351.5981
20.600,474090.6801,470407.8482
20.605,473785.0558,470097.2653
20.610,474391.6603,470780.7874
20.615,475920.4095,472428.5539
20.620,477596.8365,474129.1056
20.625,479639.6685,476199.2378
20.630,481141.9724,477773.437
20.635,482239.0186,478928.2103
20.640,482947.6634,479700.1639
20.645,483453.485,480306.9652
20.650,483273.9237,480278.4903
20.655,482460.1953,479614.8519
20.660,480336.5665,477644.7542
20.665,478114.5262,475548.1887
20.670,475773.0251,473298.7977
20.675,474957.9457,472606.4725
20.680,474841.5056,472619.6386
20.685,475215.3189,473126.8326
20.690,476469.3057,474495.2402
20.695,479122.8054,477266.296
20.700,482697.7236,480956.8834
20.705,485288.6823,483612.5773
20.710,486680.8194,485068.1815
20.715,486935.8261,485408.2099
20.720,485807.4012,484355.7854
20.725,482259.4223,480911.4854
20.730,476901.4618,475636.2098
20.735,472770.1216,471728.3956
20.740,470853.7291,470103.8689
20.745,471312.1091,470634.6176
20.750,474249.0998,473666.3168
20.755,480311.9505,479703.4839
20.760,485064.8623,484443.6666
20.765,489188.5806,488577.9276
20.770,489791.6971,489146.8077
20.775,488866.0295,488058.8781
20.780,486223.4825,485122.7475
20.785,481431.9847,480243.7467
20.790,477044.3958,475933.7904
20.795,473160.6731,472076.805
20.800,472198.6428,470922.8003
20.805,472626.471,471014.3912
20.810,474719.9329,472751.327
20.815,477675.666,475434.4636
20.820,481662.0671,479254.4023
20.825,484032.0982,481399.9164
20.830,485003.3371,481966.1968
20.835,485273.8858,481641.7431
20.840,484738.5298,480458.9074
20.845,482981.0272,478033.1683
20.850,480540.9726,474928.7899
20.855,479108.7429,473039.7188
20.860,478075.3838,471750.4357
20.865,477669.1485,471313.6872
20.870,477493.0756,471489.7992
20.875,477392.3624,471937.1671
20.880,477312.0571,472502.2729
20.885,477283.2535,473005.927
20.890,477845.1466,473906.7892
20.895,479171.5246,475516.6701
20.900,481375.4967,477854.2196
20.905,483279.3934,479753.1703
20.910,484662.0459,481124.791
20.915,485190.8119,481771.3669
20.920,484807.2675,481370.1344
20.925,483279.4294,479913.178
20.930,480374.6784,477183.7083
20.935,476354.5752,473259.8437
20.940,474557.8016,471426.5528
20.945,474285.9075,471207.9922
20.950,474635.5479,471666.8306
20.955,476010.7847,473130.988
20.960,478244.4673,475433.6926
20.965,481043.5124,478306.2095
20.970,483461.855,480754.6465
20.975,484353.2328,481662.7242
20.980,484551.9176,481911.1878
20.985,483671.5806,481078.3579
20.990,482188.5633,479595.1472
20.995,480210.0902,477560.6448
21.000,478683.3452,475967.0599
21.005,477092.7967,474351.5488
21.010,476083.8996,473371.6975
21.015,475826.7399,473129.9153
21.020,476263.2857,473579.9507
21.025,477283.9921,474577.5575
21.030,479407.5449,476666.1529
21.035,481051.2678,478276.6815
21.040,482292.4768,479490.7502
21.045,483026.4576,480202.3382
21.050,483240.4881,480365.1048
21.055,482655.785,479754.1683
21.060,481044.8143,478114.5849
21.065,478835.3153,475859.5399
21.070,477341.3405,474332.374
21.075,475659.174,472611.3621
21.080,474557.5429,471477.554
21.085,474389.1667,471288.6275
21.090,474982.5988,471904.4725
21.095,477208.8221,474125.9734
21.100,480377.9189,477303.3618
21.105,483200.7804,480142.4744
21.110,483748.2598,480738.3201
21.115,482802.0745,479851.6954
21.120,479925.575,477029.7387
21.125,476064.8289,473273.058
21.130,472641.4407,469941.8311
21.135,471751.1425,469131.3886
21.140,472004.3815,469431.4601
21.145,474250.5122,471731.5835
21.150,477327.3861,474810.1971
21.155,480126.3161,477647.6286
21.160,481061.2763,478652.1941
21.165,480941.8594,478535.645
21.170,479100.8117,476797.7416
21.175,476318.4749,474037.5679
21.180,474083.0365,471809.5659
21.185,472881.7518,470594.1763
21.190,472986.6459,470716.0722
21.195,474060.4597,471795.4365
21.200,475888.2781,473623.3784
21.205,477489.61,475214.2131
21.210,478335.61,476057.9019
21.215,478754.01,476499.0824
21.220,478856.3434,476648.0679
21.225,478868.8867,476737.2584
21.230,478752.9107,476720.9179
21.235,478598.6344,476714.27
21.240,478603.0877,476843.816
21.245,478520.1045,476942.6474
21.250,478520.3182,477142.7957
21.255,478461.413,477269.5063
21.260,478151.8167,477232.0681
21.265,477451.7245,476781.189
21.270,477000.5308,476552.9216
21.275,476295.9,476086.3572
21.280,476161.039,476154.4277
21.285,476595.9357,476795.3947
21.290,477942.2501,478312.4312
21.295,479729.2039,480231.2221
21.300,480849.4742,481303.1993
21.305,480994.2988,481297.8191
21.310,480786.5113,480915.4183
21.315,480207.9522,480178.0475
21.320,479651.6311,479391.4143
21.325,479312.9136,478788.8044
21.330,478994.8414,478244.9223
21.335,478715.3827,477787.6965
21.340,478372.3389,477213.2789
21.345,478137.1672,476772.4581
21.350,477718.3561,476274.6344
21.355,477619.6598,476296.1618
21.360,477732.0016,476632.0342
21.365,478001.2312,477345.5294
21.370,478550.1811,478608.186
21.375,479411.4423,480511.7676
21.380,479818.2016,481889.7837
21.385,479861.1419,482331.6476
21.390,479643.4466,481703.6162
21.395,479063.6463,480425.6784
21.400,477805.8133,478461.4718
21.405,475617.381,476173.8807
21.410,473710.5303,474198.2157
21.415,473147.7676,473362.1309
21.420,473749.4538,473810.2868
21.425,475804.2056,475973.1687
21.430,479060.5161,479318.4044
21.435,481993.7862,482178.0227
21.440,483348.2652,483322.8288
21.445,483526.8766,483203.7461
21.450,482489.148,481767.7627
21.455,479275.4371,477965.5978
21.460,475063.6008,473078.9689
21.465,473063.914,470649.9655
21.470,472946.2228,470110.767
21.475,473814.081,470971.6941
21.480,475622.7334,472922.5987
21.485,478661.8166,476248.2226
21.490,481578.66,479344.1015
21.495,482842.362,480519.2944
21.500,482888.0567,480370.9937
21.505,481927.709,479181.8875
21.510,480135.9471,477283.7999
21.515,478986.9311,476248.4543
21.520,478174.7337,475500.2022
21.525,477518.7308,474764.435
21.530,477040.7715,474194.2702
21.535,476780.0758,473884.67
21.540,476560.6985,473593.7517
21.545,476699.8998,473662.1253
21.550,477360.3819,474307.0974
21.555,478602.7806,475532.1206
21.560,480568.6029,477445.1325
21.565,482499.7151,479327.6502
21.570,483424.658,480161.6927
21.575,483534.0508,480107.6006
21.580,482897.4609,479370.0283
21.585,481104.1259,477512.3281
21.590,478558.3371,474883.8496
21.595,476474.3089,472656.1708
21.600,475305.9092,471359.7277
21.605,474787.672,470670.1232
21.610,475448.3537,471176.3245
21.615,477178.0434,472810.4014
21.620,480301.4076,475848.3601
21.625,482804.8503,478255.1502
21.630,484544.8354,479962.1467
21.635,485224.04,480566.7313
21.640,485339.4324,480568.4302
21.645,484859.6769,479928.7009
21.650,483812.1353,478730.242
21.655,482719.1809,477500.6049
21.660,481081.1606,475704.1246
21.665,479871.5202,474284.8304
21.670,478220.2429,472397.8232
21.675,477338.935,471224.7683
21.680,477379.7701,470954.6451
21.685,478366.1527,471452.3655
21.690,480139.649,472767.2347
21.695,482420.7625,474338.6254
21.700,484596.9626,476209.0671
21.705,485222.6616,477400.0486
21.710,485133.911,478493.923
21.715,485254.3168,479625.2244
21.720,485808.0119,480670.535
21.725,485857.993,480898.3115
21.730,484505.0148,479788.0149
21.735,481513.2917,476964.6683
21.740,477737.4176,473161.8758
21.745,474787.2214,470244.3848
21.750,474062.0629,469601.1122
21.755,474438.3575,470051.5779
21.760,478074.7591,473728.786
21.765,483164.1128,478703.315
21.770,488325.6577,483737.3498
21.775,490887.286,486174.6866
21.780,491039.9441,486283.9064
21.785,488956.701,484189.1094
21.790,484020.2397,479237.8701
21.795,479497.9235,474715.3163
21.800,476791.0933,471926.4723
21.805,476143.3558,471209.5138
21.810,477519.4673,472465.5419
21.815,480819.7858,475714.9806
21.820,485455.6137,480255.8276
21.825,488572.3493,483205.4075
21.830,489536.0037,484016.6972
21.835,488860.4518,483093.9359
21.840,486534.8479,480511.1646
21.845,483922.8375,477666.6865
21.850,482338.9144,475954.2067
21.855,481896.0186,475207.495
21.860,481893.4425,474629.151
21.865,482123.7676,474301.1903
21.870,482262.8866,474119.0539
21.875,482027.7501,473851.9916
21.880,481661.6342,473535.5408
21.885,481288.4847,473075.9348
21.890,481452.4267,473091.6373
21.895,482300.1333,473784.327
21.900,484089.3132,475436.5587
21.905,485948.4809,477218.4419
21.910,488117.0717,479284.9272
21.915,489514.1006,480577.2706
21.920,489375.8111,480411.3876
21.925,487944.484,478894.5184
21.930,485032.5281,475858.3791
21.935,482480.4467,473176.7707
21.940,480804.5189,471411.3368
21.945,480375.7366,470924.7603
21.950,480904.6875,471444.7849
21.955,482720.3919,473263.1367
21.960,486131.6212,476676.5015
21.965,488897.0193,479521.1444
21.970,490151.6343,480915.9775
21.975,490350.4729,481298.6774
21.980,489776.5031,480959.5825
21.985,488415.5771,479813.4752
21.990,486069.3038,477651.2618
21.995,482908.952,474670.1488
22.000,481230.6288,473235.1138
22.005,480076.5072,472532.4373
22.010,479949.3851,472692.3687
22.015,480482.3286,473586.3976
22.020,481770.3432,475238.8636
22.025,483742.1417,477771.3894
22.030,485224.0636,479578.0672
22.035,486084.133,480858.1171
22.040,487056.2297,482345.3256
22.045,487694.4931,483443.1861
22.050,487147.5214,483598.8166
22.055,485963.9637,482779.1948
22.060,483868.4867,481121.2478
22.065,479632.889,477277.732
22.070,475002.5014,473316.2932
22.075,472909.4376,471542.456
22.080,472557.0575,471553.6323
22.085,474016.5825,473347.8589
22.090,478531.7272,478305.7508
22.095,482346.2419,482248.8764
22.100,484428.562,484423.9812
22.105,485449.4896,485511.3194
22.110,485758.278,485946.9784
22.115,485432.2563,485610.8167
22.120,484266.7029,484425.99
22.125,482127.7032,482235.5044
22.130,478068.2992,478089.3803
22.135,476393.081,476432.6808
22.140,475770.8519,475826.125
22.145,475852.5127,475810.5407
22.150,477038.3208,476774.9704
22.155,479478.1895,479169.4846
22.160,482964.0801,482585.7443
22.165,486197.8468,485722.3664
22.170,487803.3039,487222.132
22.175,488187.7101,487559.0139
22.180,487696.2963,486912.742
22.185,485256.8994,484286.5608
22.190,480731.9223,479656.3599
22.195,477452.75,476337.0971
22.200,476218.4132,475040.3592
22.205,476599.7582,475238.9622
22.210,477829.6871,476424.5808
22.215,480727.1288,479150.1293
22.220,483737.178,481979.2629
22.225,487216.7051,485210.6819
22.230,488774.5208,486693.8343
22.235,489282.4792,487068.6746
22.240,489161.1749,486807.8873
22.245,487442.5782,484965.3477
22.250,485775.4247,483320.1844
22.255,484028.9431,481559.2848
22.260,482054.843,479598.0036
22.265,480576.288,478161.6373
22.270,480217.8239,477877.1636
22.275,480931.4685,478700.2446
22.280,482786.2084,480670.6753
22.285,485645.712,483673.7831
22.290,487339.9936,485457.0594
22.295,488092.7679,486208.9036
22.300,488216.6263,486334.7185
22.305,488390.0671,486477.743
22.310,488413.9231,486502.939
22.315,488262.3771,486283.6737
22.320,487798.4713,485814.4473
22.325,486877.2651,484878.9683
22.330,485457.2793,483460.0251
22.335,484424.7036,482371.2888
22.340,483777.9706,481733.4015
22.345,483816.6157,481768.9362
22.350,484432.1355,482405.2074
22.355,485356.9905,483411.4801
22.360,487245.2318,485436.5509
22.365,488838.3865,487225.9058
22.370,490327.1109,488895.6231
22.375,491591.9198,490383.0815
22.380,491971.115,491086.2174
22.385,491484.9786,491092.5983
22.390,489074.7202,488890.0555
22.395,485331.3302,485381.4478
22.400,482796.1264,483210.2968
22.405,481806.7048,482717.8094
22.410,481685.0073,483070.607
22.415,482753.314,484550.964
22.420,484668.2769,486773.5462
22.425,487659.1417,490446.9499
22.430,488769.8608,491762.5725
22.435,488874.4652,492136.6239
22.440,487522.1235,491115.7086
22.445,483848.0783,488117.9208
22.450,481071.9708,485527.7328
22.455,479334.9312,484147.9281
22.460,478571.773,483831.243
22.465,478411.3697,484325.6298
22.470,480548.1358,486785.4885
22.475,483589.0808,490257.8551
22.480,485459.3483,492534.0678
22.485,486382.124,493763.5895
22.490,486498.9474,494124.2785
22.495,486187.2592,494152.9384
22.500,485793.7001,493898.9495
22.505,485684.7169,493976.6052
22.510,485891.3859,494312.2073
22.515,485949.5685,494540.7825
22.520,485782.4124,494559.2146
22.525,485007.1391,493873.0216
22.530,483078.3626,492005.8443
22.535,480728.1793,489664.49
22.540,477944.5953,486928.0361
22.545,477728.7,486693.5947
22.550,478519.9948,487560.3454
22.555,480883.5084,489981.9712
22.560,483571.2973,492698.8833
22.565,484713.3189,493917.3666
22.570,484663.0219,493910.6172
22.575,483753.7382,493082.6108
22.580,481864.184,491274.0015
22.585,479933.0401,489316.1108
22.590,478584.9435,487894.3523
22.595,477339.3184,486429.9747
22.600,476886.837,485888.3969
22.605,476698.7819,485514.9299
22.610,476812.756,485377.9492
22.615,476868.462,485171.4789
22.620,476838.3509,484886.5382
22.625,476874.5219,484644.6129
22.630,477433.7005,484846.7112
22.635,479341.7478,486448.7545
22.640,482363.4232,489172.1861
22.645,485262.2042,491854.1644
22.650,486502.6224,492898.3367
22.655,486018.7617,492236.1968
22.660,483834.8073,489879.631
22.665,480880.5519,486822.3195
22.670,477891.4629,483765.8638
22.675,477130.4587,483026.1932
22.680,477301.1064,483200.9004
22.685,478654.5883,484581.172
22.690,480626.8317,486641.1244
22.695,482399.2522,488558.1469
22.700,483796.336,490112.1799
22.705,484454.6395,490936.102
22.710,484255.9845,490910.2701
22.715,483235.1906,490027.9914
22.720,481039.7105,487971.9955
22.725,479255.9852,486242.2162
22.730,478086.2717,484976.8117
22.735,477569.981,484308.1959
22.740,477423.0361,483911.9445
22.745,477611.0851,483969.6266
22.750,478014.932,484212.3291
22.755,478691.0015,484689.3852
22.760,479657.3971,485316.9838
22.765,480677.488,486211.4106
22.770,481828.2939,487217.0176
22.775,483023.7544,488239.571
22.780,483603.6305,488501.7235
22.785,483182.7729,487785.2035
22.790,481514.0398,485921.1516
22.795,478272.8074,482280.9538
22.800,476391.4917,480083.5381
22.805,475606.8772,478750.0868
22.810,475788.9588,478328.2123
22.815,477110.4197,478683.4397
22.820,479839.5104,480836.8736
22.825,482335.6801,482607.051
22.830,483946.1681,483637.7736
22.835,484603.5282,483765.7901
22.840,484309.4082,482830.5409
22.845,483370.6053,481711.6066
22.850,481824.5302,480005.3085
22.855,480821.9923,479072.0987
22.860,480153.0577,478593.5733
22.865,480290.6038,479061.8926
22.870,481274.4694,480301.4952
22.875,482066.002,481434.9578
22.880,482272.9102,482371.6917
22.885,482115.4115,482692.9285
22.890,481797.677,483010.5468
22.895,481577.4975,483441.4581
22.900,481786.3793,484595.6617
22.905,482505.1581,485926.7466
22.910,483286.6298,487609.2078
22.915,484173.2676,489395.0858
22.920,484627.5189,490978.7779
22.925,484227.4203,491120.7589
22.930,482477.386,489819.0376
22.935,478983.1184,486693.3292
22.940,475105.5695,483041.8613
22.945,473988.5642,481761.6351
22.950,474558.1896,482049.7179
22.955,477533.9467,484132.6498
22.960,483115.3499,488055.3309
22.965,487529.1544,491024.1971
22.970,489450.6406,492005.8085
22.975,489540.111,491315.1774
22.980,486753.4771,488024.4498
22.985,482229.705,483496.2313
22.990,477026.4633,478384.0794
22.995,475909.2097,478043.5294
23.000,476147.4132,478906.9019
23.005,477699.7709,480379.0933
23.010,480645.0061,483162.1508
23.015,483458.2028,486261.3878
23.020,485154.5599,488176.8064
23.025,485458.2303,488585.068
23.030,484946.7146,488406.7491
23.035,483707.7583,487619.3464
23.040,483040.9316,487295.6337
23.045,482860.7276,487327.5874
23.050,482631.069,487327.0119
23.055,482701.1417,487581.4079
23.060,482358.3815,487626.4725
23.065,481811.3657,487265.567
23.070,480600.9268,486306.2858
23.075,479751.0999,485547.0871
23.080,479367.4146,485266.3317
23.085,479647.8351,485590.148
23.090,481566.5498,487407.4465
23.095,484657.9113,490260.3049
23.100,488253.1165,493570.7241
23.105,490369.1039,495463.0776
23.110,490640.6418,495817.2501
23.115,489593.2632,494972.9443
23.120,486286.2189,491765.719
23.125,481377.4886,487022.6133
23.130,479330.7015,484736.7741
23.135,478867.3198,484057.9513
23.140,478830.7895,484366.2451
23.145,480318.9276,486132.9273
23.150,483284.1418,489300.9126
23.155,485013.9418,491386.178
23.160,485583.3028,492507.5276
23.165,485796.1917,492954.6816
23.170,485096.1835,492692.26
23.175,483988.5161,491939.9543
23.180,482436.9924,490648.7812
23.185,481619.4895,489911.4396
23.190,481709.3257,489996.3803
23.195,482394.2173,490362.0821
23.200,483274.7883,491065.7849
23.205,483959.1189,491668.757
23.210,484430.556,492085.9113
23.215,484433.6903,491836.0174
23.220,483874.4385,491159.7018
23.225,483445.8056,490787.1389
23.230,483379.5072,490912.3603
23.235,484047.1919,491870.832
23.240,486040.6605,493997.3896
23.245,488572.3366,496602.8796
23.250,490570.5226,498772.6429
23.255,490854.2073,499232.1947
23.260,488892.7731,497426.2194
23.265,484504.3132,493109.8487
23.270,479631.3192,488337.6543
23.275,476996.4653,486058.3573
23.280,476926.0077,486181.8586
23.285,478213.2052,487643.548
23.290,481833.1519,491411.3787
23.295,487178.5313,496904.5181
23.300,489832.5811,499693.5031
23.305,489919.8959,499861.9982
23.310,488106.857,498234.8882
23.315,482268.0463,492727.2003
23.320,478978.5415,489350.138
23.325,478235.297,488404.0431
23.330,478467.9854,489173.034
23.335,480052.5835,491881.6592
23.340,482671.7317,495689.4151
23.345,484832.9941,499247.8503
23.350,485435.0315,500867.0532
23.355,484887.7354,501531.0824
23.360,483924.8484,501110.2334
23.365,482129.9224,499836.2273
23.370,480518.9576,499042.0174
23.375,479942.5916,498820.4363
23.380,479816.7101,499221.8321
23.385,480197.1277,500450.7592
23.390,481136.3389,501724.5772
23.395,482090.5726,503106.9131
23.400,482529.3179,503898.2451
23.405,482280.1362,504145.7621
23.410,480946.8577,502900.2723
23.415,479268.4952,501280.3421
23.420,477470.7812,499709.7071
23.425,477333.7645,499675.5837
23.430,478517.1335,500941.076
23.435,481794.145,504441.4758
23.440,484725.5391,507429.6531
23.445,485873.6321,508465.9638
23.450,485773.0159,508265.9123
23.455,483411.285,505964.5223
23.460,480075.4698,502633.7916
23.465,476591.8822,498995.3994
23.470,474451.5711,496639.486
23.475,473808.1806,495766.7263
23.480,474311.5424,496016.499
23.485,475812.726,497248.6322
23.490,478088.7523,499271.2055
23.495,481504.5088,502537.4755
23.500,483454.593,504332.1793
23.505,483789.4636,504596.5729
23.510,483067.027,503810.9756
23.515,479536.0266,500375.7646
23.520,476929.9506,498046.1513
23.525,476078.1438,497606.6949
23.530,476039.3996,497889.1962
23.535,476865.8682,499342.1641
23.540,478175.9421,501225.203
23.545,479280.418,502967.4517
23.550,480210.4358,504397.6309
23.555,480850.007,505660.6375
23.560,481337.0323,506495.0875
23.565,481651.1673,507341.6619
23.570,481947.0593,508048.8161
23.575,482118.4115,508519.8169
23.580,482277.8128,509119.8079
23.585,482846.8106,509914.9411
23.590,483362.9412,510468.4003
23.595,483299.1333,510558.4791
23.600,482745.3642,510103.2049
23.605,481029.5591,508043.5328
23.610,477351.2215,503622.8684
23.615,475814.0156,501367.3214
23.620,475602.9234,499924.6223
23.625,477142.0945,499804.9793
23.630,479631.6974,500732.8743
23.635,484821.9577,504451.5565
23.640,488155.4905,506150.9233
23.645,489221.126,505550.616
23.650,488101.1412,502857.982
23.655,486127.5668,499219.7245
23.660,481839.4424,493220.7389
23.665,479157.8246,489038.1066
23.670,477668.4002,486310.5195
23.675,477811.9978,485761.2969
23.680,478761.9127,486522.6169
23.685,480632.7899,488984.5529
23.690,483570.1467,493405.7723
23.695,486328.7866,497823.9493
23.700,487424.5165,500125.9491
23.705,487580.4834,501087.0793
23.710,486642.307,499600.9991
23.715,485258.6098,497203.6876
23.720,484062.5561,495309.0149
23.725,483674.1311,494771.1835
23.730,483575.5862,494925.2913
23.735,483658.7023,494957.3248
23.740,483713.2984,494729.2763
23.745,483308.6809,493788.8467
23.750,482750.6551,492928.8121
23.755,482224.7699,492402.0199
23.760,481925.417,492026.3475
23.765,481930.7858,491926.6024
23.770,482522.9477,492435.7527
23.775,483396.7864,493146.5831
23.780,484491.7449,493833.6042
23.785,485957.3997,494651.0636
23.790,486769.7618,495162.954
23.795,486894.2143,495102.7585
23.800,485216.0963,492939.8108
23.805,482133.4857,489551.9091
23.810,478839.9887,485958.1197
23.815,476512.3328,483031.7454
23.820,476800.1035,482968.3226
23.825,479099.3062,484927.4207
23.830,483248.5321,488706.3104
23.835,489767.1262,494772.5618
23.840,491631.4121,496400.3126
23.845,491645.8977,496189.2228
23.850,489322.7835,493662.7583
23.855,484739.7003,488856.5479
23.860,482695.9066,486838.9926
23.865,481359.5795,485391.6574
23.870,481035.5254,484917.5335
23.875,481687.379,485508.4564
23.880,483175.8667,487033.9981
23.885,485297.6382,489189.491
23.890,486855.1006,490667.6901
23.895,487722.8428,491492.8796
23.900,487645.0127,491374.0368
23.905,487365.1774,491079.3391
23.910,486939.7736,490617.4932
23.915,486879.4404,490435.7927
23.920,487020.5418,490498.5964
23.925,487350.0938,490889.4316
23.930,487295.9727,490799.6013
23.935,486477.6052,489935.4311
23.940,483882.5305,487353.227
23.945,481587.208,484986.6176
23.950,480100.9428,483388.492
23.955,480032.0092,483217.9606
23.960,482079.8193,485239.1122
23.965,486521.2247,489826.7566
23.970,489865.5609,493389.9814
23.975,491180.9195,494815.957
23.980,491454.3932,495172.1358
23.985,490271.8367,494126.0034
23.990,487405.9131,491373.5912
23.995,483629.5354,487724.3919
24.000,481457.3476,485685.4818
24.005,480215.2292,484581.4674
24.010,480275.3838,484823.5862
24.015,481496.7061,486195.6359
24.020,484234.7681,489210.727
24.025,486585.1356,491914.7289
24.030,488500.7696,494238.5039
24.035,488995.8287,495156.4404
24.040,488183.8095,494703.1476
24.045,486652.2559,493560.9954
24.050,484617.842,491868.6209
24.055,483720.5259,491232.2173
24.060,483394.5233,491111.7105
24.065,483381.04,491156.1688
24.070,483505.2508,491178.0878
24.075,483279.1759,490830.2503
24.080,483086.6886,490454.9305
24.085,483148.581,490326.1196
24.090,483665.4752,490656.8959
24.095,484642.5536,491282.9223
24.100,486090.8229,492375.5151
24.105,487648.0219,493601.4229
24.110,488610.3572,494304.3549
24.115,488859.8159,494336.9963
24.120,488385.2882,493664.9939
24.125,487219.0384,492345.7192
24.130,485095.7994,490125.0159
24.135,483976.1502,488932.394
24.140,483026.3133,487908.3458
24.145,482764.1123,487651.8695
24.150,483215.2789,488105.2195
24.155,484880.5585,489705.4632
24.160,487095.5331,491790.3835
24.165,489148.7418,493681.4593
24.170,490408.1156,494858.6213
24.175,491116.1273,495652.3681
24.180,491242.4227,495814.7715
24.185,490473.6136,495198.3676
24.190,488737.3754,493689.2497
24.195,487251.9869,492432.6553
24.200,485769.0467,490999.5852
24.205,485522.7966,490843.607
24.210,485820.9024,491324.3862
24.215,486463.3513,491099.631
24.220,487285.1105,490567.4275
24.225,488516.8242,490891.9944
24.230,489957.3765,492406.626
24.235,490615.3805,493974.3606
24.240,490923.23,495374.8312
24.245,491170.1853,496230.3976
24.250,491429.8254,496871.1623
24.255,491478.48,497147.8872
24.260,491355.6745,496815.686
24.265,489869.742,494920.4419
24.270,488064.1574,492685.895
24.275,485140.8343,489482.2644
24.280,483414.127,487650.0825
24.285,483376.3786,487569.9871
24.290,484234.0506,488455.8027
24.295,486961.6942,491317.2379
24.300,490919.2418,495399.639
24.305,493520.437,498075.4257
24.310,494098.4281,498732.6107
24.315,493410.4792,498039.5335
24.320,490403.1995,495012.6274
24.325,487192.4836,491685.8687
24.330,484895.2735,489190.9637
24.335,484086.9249,488174.3509
24.340,483970.2008,487767.6046
24.345,484842.3381,488152.7279
24.350,487537.4885,490221.3666
24.355,491911.935,494001.1557
24.360,495354.7089,496797.6883
24.365,497030.2978,497696.3569
24.370,497466.2104,497348.6824
24.375,496993.7823,496179.2449
24.380,494978.4899,493461.0289
24.385,493173.7663,491156.7628
24.390,492347.5811,489849.005
24.395,492405.9806,489443.9561
24.400,492967.566,489526.5486
24.405,494362.1458,490384.8731
24.410,496800.445,492279.1746
24.415,499052.7219,493984.7619
24.420,500076.7292,494477.2682
24.425,500166.6414,494126.3587
24.430,499290.4179,492801.9886
24.435,497576.1842,490646.6784
24.440,495702.7608,488456.244
24.445,495574.3241,488064.0864
24.450,496050.066,488375.253
24.455,498094.9293,490452.4875
24.460,500409.3713,492969.1969
24.465,501999.5561,494892.1986
24.470,502089.9001,495546.9802
24.475,501291.0578,495563.3118
24.480,499304.8061,494398.1297
24.485,497597.726,493338.5201
24.490,496796.911,493273.9374
24.495,496903.3429,493793.9035
24.500,498309.049,495526.0887
24.505,500976.8008,498482.7957
24.510,503560.6139,501245.9816
24.515,505587.5901,503403.5764
24.520,505981.2382,503929.7713
24.525,505009.6773,503381.272
24.530,501355.4036,500483.8054
24.535,497974.8143,497898.6452
24.540,496240.4102,496147.1741
24.545,495661.2599,494425.2823
24.550,496057.7903,492665.0523
24.555,498562.5051,493221.1867
24.560,502097.8979,494971.8009
24.565,505550.002,496909.7276
24.570,506910.5701,497347.9578
24.575,507055.762,496687.7095
24.580,505989.8548,495031.4886
24.585,503991.1568,492298.3547
24.590,500805.1182,488490.0899
24.595,497447.0033,484944.8134
24.600,495057.166,482504.261
24.605,494136.5316,481550.4605
24.610,494090.4537,481413.4297
24.615,495036.3873,482283.7037
24.620,497149.8777,484291.9632
24.625,499142.3656,486110.0978
24.630,501415.1335,488288.5355
24.635,502273.4081,489104.395
24.640,502209.8732,489014.1916
24.645,501595.9982,488327.7975
24.650,500178.964,486780.6584
24.655,497536.1295,483871.158
24.660,495037.8747,481046.0589
24.665,493381.0991,479007.6777
24.670,492938.3748,478157.4139
24.675,493151.4349,477964.3781
24.680,494293.7518,478803.2348
24.685,496154.7675,480516.3715
24.690,498139.8726,482353.2844
24.695,499976.9874,484156.959
24.700,500737.398,485033.5134
24.705,500828.5557,485203.6515
24.710,500215.7852,484715.3071
24.715,499316.4102,483917.0865
24.720,497762.9714,482446.6967
24.725,496913.4003,481515.5869
24.730,496072.1543,480561.1411
24.735,495046.4102,479610.0509
24.740,493913.3703,478876.9509
24.745,493630.2307,479084.1394
24.750,493615.4362,479531.6337
24.755,493912.5784,480300.8513
24.760,494966.1481,481947.0594
24.765,495906.5371,483370.4509
24.770,496567.328,484570.8213
24.775,496349.0244,484899.7998
24.780,496263.0574,485464.5091
24.785,495700.5808,485166.243
24.790,494603.2465,484419.713
24.795,493405.5832,483690.6038
24.800,492416.7853,483447.1414
24.805,492477.4012,483980.8046
24.810,492805.3047,484845.1844
24.815,493894.9188,486499.2603
24.820,494958.335,488385.826
24.825,495680.5529,489614.9548
24.830,495665.3925,490115.7353
24.835,495005.5382,489862.8449
24.840,494038.3481,489273.1867
24.845,493238.7953,488890.4538
24.850,492647.5176,488708.5235
24.855,492252.905,488747.9308
24.860,491743.3833,488579.1318
24.865,490600.2775,487695.3335
24.870,489081.675,486440.1221
24.875,487651.7423,485265.5586
24.880,485799.5885,483716.1316
24.885,484771.462,482963.1479
24.890,484313.7929,482684.4454
24.895,485166.1757,483622.3368
24.900,486949.3616,485509.3291
24.905,488550.7727,487301.3279
24.910,489281.0821,488224.4411
24.915,488841.7451,487945.2254
24.920,486881.4435,486159.4383
24.925,483933.2152,483334.6559
24.930,481303.0839,480891.6761
24.935,480128.1459,479932.39
24.940,479867.8387,479935.2136
24.945,480661.4107,480944.9881
24.950,483477.7227,484138.847
24.955,485821.3861,486594.0104
24.960,486192.0158,487199.916
24.965,485574.2847,486853.5578
24.970,483207.9448,484889.9106
24.975,480960.2832,482734.8167
24.980,479259.8358,481190.5661
24.985,478412.0759,480502.4304
24.990,478133.9697,480349.8211
24.995,478149.5012,480471.6206
25.000,478902.3367,481323.1249
25.005,479969.7917,482469.78
25.010,480856.4268,483404.8534
25.015,481491.9278,484075.8353
25.020,481660.3825,484228.8025
25.025,481198.8928,483744.3943
25.030,480526.4294,483041.0952
25.035,479762.9033,482299.3582
25.040,479454.0857,481970.9827
25.045,479595.1325,482057.5136
25.050,480241.1802,482601.271
25.055,480935.4876,483185.1571
25.060,480993.5112,483141.6848
25.065,480558.665,482626.6897
25.070,479089.7787,481088.6786
25.075,477126.8044,479056.8412
25.080,476143.0721,477988.8471
25.085,475995.4032,477737.4062
25.090,476645.9356,478295.5743
25.095,478141.213,479677.5888
25.100,480745.1292,482200.5023
25.105,482190.589,483581.5432
25.110,482810.4337,484150.292
25.115,482450.5832,483762.4167
25.120,480992.4198,482238.1186
25.125,478650.3618,479887.3102
25.130,476894.4575,478109.0241
25.135,476389.9076,477606.6367
25.140,476297.4111,477508.127
25.145,476876.4731,478079.946
25.150,477815.5032,478993.9298
25.155,478922.3898,480085.3236
25.160,480083.8427,481251.3476
25.165,481223.4249,482439.4174
25.170,481767.3954,483017.2814
25.175,481940.8592,483241.9165
25.180,481633.2224,482996.7281
25.185,481075.5462,482501.5003
25.190,479866.4893,481343.2399
25.195,478149.935,479714.8408
25.200,477391.4462,479002.2316
25.205,476955.7084,478595.8381
25.210,476742.1252,478469.014
25.215,476558.4657,478386.4814
25.220,476635.8668,478564.2781
25.225,477046.1608,479082.5474
25.230,477883.1023,480010.6329
25.235,479250.0836,481424.6387
25.240,480537.9639,482741.2427
25.245,481406.6768,483633.3595
25.250,481501.4536,483761.5244
25.255,480878.6814,483170.691
25.260,479108.0223,481414.9751
25.265,477101.0162,479428.4398
25.270,474938.194,477251.7459
25.275,473893.9328,476161.6576
25.280,473472.0027,475671.6464
25.285,473833.9549,475900.363
25.290,474462.3228,476329.3378
25.295,475789.1268,477471.534
25.300,477294.1033,478755.4115
25.305,478832.3352,480067.9695
25.310,479901.8141,480939.213
25.315,480530.4589,481441.6817
25.320,480712.5244,481560.8608
25.325,480440.8437,481187.1397
25.330,479504.4914,480157.2993
25.335,478345.7583,478892.0801
25.340,477135.2319,477563.7354
25.345,475916.3953,476170.5196
25.350,475146.1561,475243.2373
25.355,474518.3602,474470.912
25.360,474608.0643,474415.7281
25.365,475219.7417,474904.2307
25.370,476845.27,476405.9164
25.375,479153.9122,478618.6606
25.380,481450.821,480775.0821
25.385,482638.9335,481815.344
25.390,482846.7342,481840.5366
25.395,482114.2869,480852.7869
25.400,480103.253,478657.1405
25.405,476732.0438,475111.5744
25.410,474670.8346,472918.2948
25.415,474471.8566,472657.3612
25.420,475303.5382,473417.9795
25.425,477762.569,475803.4928
25.430,481425.239,479346.4709
25.435,484357.312,482204.804
25.440,485465.2584,483326.5594
25.445,485932.4977,483843.0786
25.450,485354.2785,483329.5759
25.455,484017.2496,482076.3085
25.460,482477.1127,480610.1218
25.465,481572.5911,479719.8449
25.470,480643.2115,478730.0463
25.475,479914.142,477805.5159
25.480,479429.3221,477116.147
25.485,479328.0431,476774.1189
25.490,479565.0213,476785.1206
25.495,480412.0706,477368.8163
25.500,482466.6852,479117.1964
25.505,484483.4757,480718.4663
25.510,485584.9344,481500.2381
25.515,486099.694,481762.6672
25.520,485621.7541,480905.1651
25.525,483655.7376,478500.6046
25.530,481180.4128,475534.885
25.535,478998.3428,472913.4407
25.540,477887.1081,471377.1626
25.545,477770.0484,470907.6979
25.550,478252.3883,471105.3627
25.555,480035.3737,472713.807
25.560,482642.714,475150.1159
25.565,485075.6681,477557.5875
25.570,486268.1289,478836.8237
25.575,486401.3267,479120.5173
25.580,485225.5371,478105.5999
25.585,481966.5965,475119.5038
25.590,477245.475,470801.1495
25.595,475120.8461,468937.1445
25.600,474640.8198,468733.122
25.605,475343.1647,469697.3375
25.610,477264.9325,472052.0946
25.615,478903.1242,474135.323
25.620,479601.3091,474990.5803
25.625,479638.7105,475003.8546
25.630,479426.5896,474726.4343
25.635,479139.3148,474393.8952
25.640,478886.0029,474223.8446
25.645,479624.7673,475188.3316
25.650,480889.6709,476613.814
25.655,482261.1671,478284.2986
25.660,482976.7791,479476.7735
25.665,482477.3735,479549.8505
25.670,480174.0623,477743.592
25.675,476573.7822,474477.3078
25.680,473158.252,471547.6607
25.685,470895.7818,469822.1368
25.690,470464.1233,469951.8054
25.695,472060.722,472079.1252
25.700,478747.7733,479537.5996
25.705,483093.1675,484273.1057
25.710,485226.9113,486976.096
25.715,485001.4333,487334.1781
25.720,483124.2823,486019.2723
25.725,477183.0694,480680.5135
25.730,471051.5028,475354.267
25.735,468336.24,472980.7843
25.740,468038.4948,473086.4128
25.745,468566.8548,474094.7311
25.750,470700.4397,476995.2859
25.755,475221.368,481956.1063
25.760,480023.999,487274.9336
25.765,482376.6793,490103.0403
25.770,482685.1864,490810.4165
25.775,481862.0071,490293.1733
25.780,479420.7844,488077.5833
25.785,475908.3831,484582.329
25.790,472465.0273,481014.5044
25.795,470623.3617,479187.5859
25.800,470031.34,478707.8146
25.805,470322.0559,478958.9003
25.810,471287.3634,479897.1881
25.815,472393.4257,481032.1745
25.820,473552.267,482456.7778
25.825,474038.8554,483411.5758
25.830,474356.5228,484393.5254
25.835,474603.7861,485483.6951
25.840,474709.9879,486530.3315
25.845,474944.3091,487483.7195
25.850,474964.9566,488369.4534
25.855,475376.8727,489279.4899
25.860,476004.915,490532.2475
25.865,476302.1899,491341.6987
25.870,475575.7221,491139.2619
25.875,472652.1713,488998.6165
25.880,471394.796,488118.6334
25.885,470886.9372,488075.1106
25.890,470972.8237,488638.2934
25.895,472004.0547,490143.7665
25.900,474512.8222,493137.4474
25.905,477866.0512,496976.4915
25.910,480989.3584,500581.3067
25.915,482259.2977,502213.88
25.920,482066.6815,502315.9311
25.925,480607.4117,501082.04
25.930,477781.1607,498348.3733
25.935,475191.8679,495703.7725
25.940,473385.7605,493694.669
25.945,472855.0678,492783.8807
25.950,473286.025,492598.4303
25.955,475140.026,494000.9556
25.960,478046.7182,496288.8801
25.965,480106.4494,497654.6284
25.970,482254.0385,498901.3167
25.975,482585.7425,498307.303
25.980,481698.828,496510.8555
25.985,479996.4061,493942.1517
25.990,477988.4452,491152.2185
25.995,476174.4688,488542.0675
26.000,475145.0043,486872.4337
26.005,475067.9616,486167.3786
26.010,475539.8803,486004.378
26.015,476149.3533,486026.4478
26.020,476951.0865,486288.5694
26.025,478153.6183,486947.473
26.030,479359.0147,487697.7321
26.035,480464.6414,488346.1566
26.040,481159.2971,488663.0012
26.045,481536.8102,488639.531
26.050,481539.1252,488261.9369
26.055,481203.5949,487610.0852
26.060,479734.6445,485721.4585
26.065,478041.5598,483848.3189
26.070,476070.1988,481728.4291
26.075,474327.6574,479799.3166
26.080,473275.0203,478507.2924
26.085,473382.8194,478496.3237
26.090,474262.2873,479276.8041
26.095,476324.3154,481214.221
26.100,479337.3674,484073.4041
26.105,481545.4759,486215.3949
26.110,482823.0553,487467.1546
26.115,482969.7733,487564.9042
26.120,482191.9501,486745.2142
26.125,480178.5833,484688.1967
26.130,477790.7705,482335.6602
26.135,473946.7502,478497.4547
26.140,471206.8984,475759.1358
26.145,470092.5538,474622.6737
26.150,470306.2113,474848.7848
26.155,473335.5972,477860.8684
26.160,476948.1895,481408.5302
26.165,480746.443,485099.6333
26.170,482359.9722,486595.6276
26.175,482444.9964,486561.4999
26.180,481193.2207,485223.3309
26.185,478944.1019,482948.4731
26.190,475505.0957,479454.2075
26.195,473339.9019,477188.5243
26.200,472908.5162,476705.2354
26.205,473106.1548,476909.812
26.210,473775.5301,477620.0738
26.215,475058.3001,478874.4781
26.220,476216.2309,480014.2262
26.225,477130.671,480892.6343
26.230,477480.2061,481250.9492
26.235,478001.6451,481821.7101
26.240,478684.5032,482487.6604
26.245,479444.3373,483302.1925
26.250,480235.5088,484150.1942
26.255,481354.1647,485238.844
26.260,482181.5062,486043.1957
26.265,482372.5354,486222.9443
26.270,481839.081,485667.1509
26.275,480096.7855,483815.1493
26.280,477106.3949,480816.0208
26.285,476215.6399,479908.9611
26.290,476326.0495,479949.5634
26.295,478097.5427,481572.3022
26.300,481045.0814,484397.8136
26.305,483809.0801,486978.0694
26.310,485266.801,488133.9811
26.315,485936.699,488366.1856
26.320,485473.7829,487703.0985
26.325,483996.9533,485989.4513
26.330,482300.29,483859.0089
26.335,480113.6121,481151.2524
26.340,479948.435,480801.6668
26.345,480380.1072,481064.8545
26.350,482072.6963,482423.0327
26.355,484207.2958,484356.3518
26.360,486331.763,486295.9948
26.365,487290.7136,487075.7618
26.370,487834.0288,487257.4882
26.375,487973.021,487161.9994
26.380,487576.8724,486525.6612
26.385,487191.3299,485919.9969
26.390,486991.2425,485354.0038
26.395,487023.9444,485192.7773
26.400,487193.8603,485202.2622
26.405,486832.2536,484564.1297
26.410,486109.0239,483629.4164
26.415,484611.5212,482017.6148
26.420,483461.5256,480662.9802
26.425,483355.2592,480385.2733
26.430,483825.0198,480717.9028
26.435,485144.4487,481862.8446
26.440,487241.3307,483744.604
26.445,488539.9447,484869.6278
26.450,488922.4237,485063.1074
26.455,488179.7858,484277.6655
26.460,484765.7212,480780.8686
26.465,481809.2859,477699.3986
26.470,478464.5367,474097.3628
26.475,477344.4927,472810.2445
26.480,477548.2851,472707.2596
26.485,479807.989,474665.5304
26.490,483153.3873,477995.9498
26.495,487263.6603,483031.3828
26.500,490250.1,487729.21
26.505,491734.0909,491063.3797
26.510,491824.461,492460.0286
26.515,490859.4764,491697.0022
26.520,488250.6241,489557.4775
26.525,485357.8588,487002.9071
26.530,482277.1162,484276.2095
26.535,480282.6192,482505.4221
26.540,479974.5056,482644.031
26.545,480965.2057,484171.5131
26.550,483809.5687,486852.0199
26.555,486562.4612,489730.9653
26.560,489017.0321,492375.7988
26.565,490542.6815,494123.0067
26.570,491049.8996,494864.8582
26.575,490924.3113,494968.4183
26.580,490256.2449,494653.9796
26.585,488689.608,493383.7112
26.590,487333.295,492209.0179
26.595,486276.9466,491444.2724
26.600,485734.6095,491039.2695
26.605,484949.5832,490170.1225
26.610,483756.3772,489044.6858
26.615,482664.9615,487911.4155
26.620,481900.2417,487070.5776
26.625,481500.7027,486618.5781
26.630,481882.8188,486975.8786
26.635,483708.8535,488655.6597
26.640,485678.911,490524.9428
26.645,488524.6054,493353.228
26.650,491495.9429,496299.2121
26.655,492679.4249,497333.3672
26.660,492360.5896,496928.725
26.665,490828.6026,495313.129
26.670,486164.2087,490557.2893
26.675,482598.7101,486840.9739
26.680,480881.1076,484931.0883
26.685,481185.7055,485030.7434
26.690,483231.9809,486850.0026
26.695,487549.6663,490980.4863
26.700,492009.5393,495251.4427
26.705,493598.2205,496745.2245
26.710,493466.6158,496481.2335
26.715,491712.728,494698.4187
26.720,488462.464,491347.8879
26.725,485806.0479,488597.7856
26.730,484065.8677,486708.7162
26.735,483985.4957,486618.2191
26.740,484699.2399,487266.1359
26.745,486733.2651,489212.7491
26.750,489338.2693,491700.0767
26.755,490600.6917,492907.8114
26.760,491563.0681,493779.9341
26.765,491461.9392,493636.8127
26.770,490495.1236,492536.8106
26.775,489017.1256,490893.1759
26.780,487989.5546,489688.0709
26.785,487763.2281,489264.2717
26.790,488145.4067,489556.3597
26.795,488762.5868,490034.9847
26.800,489044.9755,490218.8891
26.805,488307.1613,489318.1369
26.810,486724.2752,487683.1917
26.815,484996.3626,485877.6429
26.820,483867.8508,484672.4685
26.825,483763.7163,484480.8427
26.830,485357.6377,486070.8694
26.835,488013.8317,488657.8668
26.840,492058.0405,492590.2714
26.845,494296.2888,494654.7236
26.850,494519.2408,494840.4963
26.855,492697.2257,492929.0554
26.860,488639.9945,488682.028
26.865,484544.4488,484377.8426
26.870,481464.3267,481109.79
26.875,480551.8504,480066.635
26.880,481241.5972,480594.5976
26.885,483977.1595,483135.2618
26.890,490153.7834,489157.4119
26.895,494906.7638,493841.0441
26.900,496447.6549,495378.2688
26.905,496350.6923,495259.8921
26.910,493567.9976,492517.0468
26.915,490001.2902,488945.9159
26.920,486225.0052,485169.225
26.925,483762.7393,482706.2847
26.930,483332.7013,482306.7899
26.935,484159.1883,483287.083
26.940,486760.242,485927.267
26.945,489424.3202,488762.4735
26.950,490937.6206,490473.4497
26.955,491347.1887,491197.8284
26.960,491118.5635,491083.8472
26.965,490122.4085,490385.8114
26.970,489012.1332,489597.504
26.975,488709.5176,489716.2255
26.980,489197.1485,490408.5549
26.985,491138.6083,492638.661
26.990,492487.2445,494249.8266
26.995,493075.7097,495205.7236
27.000,491971.2444,494257.5603
27.005,488599.291,490989.7307
27.010,485228.8837,487558.3656
27.015,482524.6123,484834.6518
27.020,482444.1951,484525.3991
27.025,484122.1746,486105.7434
27.030,487410.0746,489182.5617
27.035,492111.6407,493629.1504
27.040,494745.7606,496048.5074
27.045,495555.849,496694.003
27.050,494522.5234,495551.3858
27.055,491276.8563,492199.8828
27.060,487098.6691,487911.6766
27.065,481341.7874,481633.8293
27.070,480089.1948,480141.0853
27.075,480005.9536,479722.0131
27.080,481225.823,480474.9061
27.085,484995.1607,483241.4422
27.090,488920.4932,486683.3425
27.095,490807.2956,487873.7634
27.100,491537.227,487950.7726
27.105,490609.5212,485991.806
27.110,489177.5655,484063.3755
27.115,487793.6403,481954.6524
27.120,486218.5258,479801.9139
27.125,485675.2072,478522.202
27.130,485909.0302,478521.2663
27.135,486859.6734,479255.8859
27.140,487876.2791,480169.1627
27.145,488711.1598,480931.0011
27.150,488642.1479,481123.8897
27.155,488008.6628,480803.5243
27.160,486482.6993,479654.2101
27.165,485758.0248,479339.5688
27.170,486224.8612,480429.9805
27.175,488743.8595,483301.5089
27.180,493035.0537,488033.1725
27.185,496602.9581,492060.8718
27.190,498239.8068,494418.3308
27.195,497093.1302,493555.5566
27.200,493060.3338,489878.9429
27.205,483617.9532,480631.8634
27.210,478293.0602,475762.0086
27.215,478429.3885,475959.0536
27.220,482324.2634,480043.3659
27.225,490299.2575,488166.8869
27.230,500281.4019,498575.9332
27.235,503522.7816,501855.2516
27.240,503379.1465,501925.6921
27.245,499468.4652,498266.3494
27.250,493628.5294,492732.6622
27.255,485489.0823,485019.3205
27.260,483541.1008,483232.9619
27.265,483795.9627,483616.6034
27.270,485746.2809,485793.5415
27.275,489819.8632,490149.488
27.280,496488.941,497115.1492
27.285,499097.0961,499795.0383
27.290,499647.6364,500395.5107
27.295,498269.9209,499137.701
27.300,493924.4819,494985.536
27.305,490702.401,492077.4194
27.310,489295.6052,491114.5952
27.315,488952.0147,491219.7988
27.320,490014.2942,492512.2949
27.325,492439.7294,495256.6878
27.330,494836.865,498097.0847
27.335,496590.7825,500373.3319
27.340,496703.2491,500933.0241
27.345,495035.3804,499611.8171
27.350,491822.6966,496702.2665
27.355,488426.8992,493590.328
27.360,487211.8766,492481.8602
27.365,487219.7303,492492.1212
27.370,488832.2677,494123.7895
27.375,494096.2585,499433.9019
27.380,497392.4721,502576.4423
27.385,498376.4598,503416.3809
27.390,497403.7189,502327.6317
27.395,493909.8346,498789.6585
27.400,488412.3022,493217.2101
27.405,484440.2336,489276.0183
27.410,484013.5364,488720.3055
27.415,485108.3205,489724.8895
27.420,488433.0088,493073.6144
27.425,492157.583,496847.6346
27.430,494056.0452,498865.3451
27.435,495008.2634,499992.2803
27.440,495010.4836,500256.9605
27.445,493888.8128,499480.785
27.450,491414.0011,497417.2969
27.455,489123.8546,495590.2987
27.460,487073.0157,494066.0362
27.465,485981.7058,493418.2146
27.470,485619.7739,493400.5738
27.475,485794.1828,493751.385
27.480,486340.2605,494352.7731
27.485,486703.1422,494934.6024
27.490,487314.4834,495571.9262
27.495,487569.3385,495866.7317
27.500,487509.0065,495979.346
27.505,487422.4118,496403.7135
27.510,487321.1618,496795.0152
27.515,487405.6177,497293.1806
27.520,487473.0515,497756.6052
27.525,487491.0768,498090.2633
27.530,487417.537,498149.4205
27.535,486872.3716,497532.5833
27.540,486248.9541,496716.0849
27.545,485169.5117,495296.6818
27.550,484341.7063,494026.7883
27.555,483750.3728,492862.0215
27.560,483643.3552,492112.208
27.565,484127.1307,491966.0521
27.570,485807.9931,493049.1149
27.575,487678.3536,494291.791
27.580,488465.2567,494519.597
27.585,488722.2029,494290.3633
27.590,487819.1198,492982.5259
27.595,484439.8665,489360.0264
27.600,481840.1156,486538.9587
27.605,480942.3452,485462.7153
27.610,481176.4667,485540.9336
27.615,483097.4177,487356.6042
27.620,486858.4012,491060.5192
27.625,490483.1359,494608.2879
27.630,492135.7461,496204.7851
27.635,492616.6987,496620.9573
27.640,491863.8928,495805.8875
27.645,489126.5288,493039.9777
27.650,485233.3155,489117.6515
27.655,482789.5051,486649.4788
27.660,481912.2856,485768.8683
27.665,481980.5535,485888.4379
27.670,483524.6959,487463.0304
27.675,486164.8063,490131.0276
27.680,487839.3985,491833.1612
27.685,489472.1425,493542.9256
27.690,490017.5367,494143.4624
27.695,489728.4224,493893.0366
27.700,488880.7299,493020.3336
27.705,487658.1869,491897.5668
27.710,487060.5814,491433.9373
27.715,486517.1676,491004.631
27.720,486388.2739,490939.7072
27.725,486401.6715,491103.3876
27.730,486658.3918,491357.0802
27.735,486767.7251,491624.2356
27.740,486670.8839,491684.8403
27.745,486198.0693,491357.368
27.750,485917.7918,491047.324
27.755,485695.9423,490713.739
27.760,485707.132,490601.4896
27.765,486401.6797,491114.3619
27.770,488251.9435,492750.8867
27.775,490174.9432,494444.3932
27.780,491167.3993,495258.7101
27.785,491350.0565,495206.6017
27.790,490484.575,494184.0577
27.795,488515.3283,492138.2046
27.800,486184.1833,489632.0515
27.805,484238.1538,487639.9346
27.810,483890.2606,487433.1201
27.815,484226.0171,487831.9968
27.820,485353.6851,488976.3697
27.825,487497.8369,491098.9642
27.830,490433.3667,494081.9549
27.835,492660.4657,496414.5979
27.840,493935.9494,497770.1186
27.845,494214.3435,498108.4014
27.850,493988.7362,497948.2715
27.855,493733.2788,497714.4891
27.860,492778.3995,496786.7958
27.865,491488.9896,495513.103
27.870,490486.0325,494569.5404
27.875,489742.3108,493828.2565
27.880,489671.3469,493765.2114
27.885,490021.1238,494065.9664
27.890,491209.0112,495228.2371
27.895,492413.5953,496406.8282
27.900,493522.0116,497579.0689
27.905,494794.7678,498878.8764
27.910,496156.7787,500278.7641
27.915,497292.4799,501454.1205
27.920,497745.3973,501909.0454
27.925,497411.0644,501584.9572
27.930,495907.8436,500091.3064
27.935,493870.6712,498103.5967
27.940,492602.9242,496966.29
27.945,491369.2109,495857.4778
27.950,490421.7855,495060.8901
27.955,490234.499,495081.0596
27.960,490478.6102,495539.5751
27.965,491555.7103,496796.808
27.970,493317.889,498604.1215
27.975,495537.7259,501060.2239
27.980,497361.0662,503113.9667
27.985,498209.4254,503777.4834
27.990,498035.4235,502936.3628
27.995,496804.3717,500982.711
28.000,494892.6883,499078.6638
28.005,492349.9914,496730.2061
28.010,489684.1787,493970.3327
28.015,489129.1502,493452.3087
28.020,489130.8361,493615.6595
28.025,489742.1552,494278.7307
28.030,491769.4251,496314.635
28.035,494560.6301,499230.4881
28.040,496391.2707,500979.2227
28.045,496953.6356,501445.9218
28.050,496709.6603,501186.4447
28.055,495660.9426,500063.0293
28.060,493763.4347,497779.6005
28.065,491322.3565,494952.1287
28.070,490014.445,493328.1692
28.075,489812.6655,492952.5932
28.080,490231.4075,493316.2132
28.085,491281.5596,494366.3266
28.090,493424.3773,496536.0762
28.095,495246.3019,498413.946
28.100,496495.2082,499804.3215
28.105,497018.2698,500616.9489
28.110,497045.3178,500912.2251
28.115,496368.2108,500313.8696
28.120,493579.5983,497573.5799
28.125,490360.7574,494398.993
28.130,488407.4044,492596.3778
28.135,487800.7441,492206.0095
28.140,487836.7447,492345.0226
28.145,488632.6123,493036.5585
28.150,490723.0393,494927.2761
28.155,492219.2561,496203.7851
28.160,493263.8779,497095.526
28.165,493767.0319,497341.923
28.170,493664.9226,496862.0901
28.175,493427.8012,496201.4463
28.180,493091.6613,495402.4449
28.185,492813.6557,494698.8692
28.190,492680.0354,494107.4403
28.195,492582.1463,493262.0389
28.200,492408.0933,492583.5075
28.205,491951.8745,491450.7313
28.210,490302.0283,489132.7441
28.215,487941.2375,485924.8848
28.220,486982.4406,484596.7512
28.225,487356.6575,484447.6427
28.230,489262.6518,485752.6131
28.235,493443.7421,489008.2738
28.240,496984.2156,492163.5134
28.245,498487.5585,493225.7038
28.250,497775.1331,491970.2631
28.255,495170.3856,488551.4516
28.260,490489.4352,483463.3546
28.265,489398.9755,481894.5804
28.270,488249.7848,480367.0528
28.275,487765.5634,479480.1936
28.280,488299.7568,479970.1433
28.285,489806.8898,481400.3487
28.290,492022.7709,483544.7539
28.295,494911.6539,486538.8504
28.300,495951.9237,487704.9947
28.305,495898.6698,487889.9015
28.310,495054.5845,487446.1278
28.315,492788.5808,485539.714
28.320,490341.3766,483465.9706
28.325,489123.3131,482353.7079
28.330,488660.8347,482169.0341
28.335,488660.603,482666.4472
28.340,488640.7087,483576.5476
28.345,488198.8943,483855.8631
28.350,487273.4522,483749.9187
28.355,485755.2414,482828.5311
28.360,484807.1791,482679.7306
28.365,485272.9664,483497.675
28.370,487366.5159,485959.1673
28.375,490819.0355,489711.6307
28.380,493952.3383,493038.7734
28.385,495044.4578,494286.4598
28.390,494624.3753,494128.6501
28.395,492116.2091,491716.5401
28.400,488379.7023,488184.5592
28.405,483340.9019,483219.3323
28.410,481645.5713,481492.7966
28.415,481834.9547,481579.1929
28.420,484302.3906,484126.782
28.425,489879.9245,489774.3989
28.430,495507.6921,495265.5868
28.435,497081.909,496655.063
28.440,495827.6016,495364.9907
28.445,489762.0115,489387.0155
28.450,484859.9852,484444.6066
28.455,480938.5899,480504.4023
28.460,479622.7139,479174.641
28.465,480544.1202,480013.0537
28.470,483088.6961,482325.7516
28.475,487690.4561,486621.2708
28.480,489979.2734,488647.8032
28.485,490721.42,489124.9219
28.490,489622.6165,487634.2798
28.495,487796.5494,485467.7748
28.500,485504.3865,482878.7053
28.505,484240.1085,481244.6833
28.510,484674.3007,481391.4772
28.515,486958.4339,483455.8041
28.520,492289.7858,488484.0912
28.525,496413.0458,492495.7226
28.530,497688.4317,493570.2546
28.535,496397.9968,492040.835
28.540,491838.7425,487390.0568
28.545,486262.9105,481938.0179
28.550,482291.6963,478159.0194
28.555,481662.4509,477679.0135
28.560,482955.7524,479309.8183
28.565,487621.7051,484380.2781
28.570,495637.6921,492974.0943
28.575,498234.0663,495688.3082
28.580,499441.0615,496792.546
28.585,497450.5101,494362.6571
28.590,491111.8794,487349.0109
28.595,486642.5362,482049.0511
28.600,485366.2422,479840.7267
28.605,485647.8138,479351.7168
28.610,487039.3511,480148.1883
28.615,489922.9201,482291.8287
28.620,494647.631,486118.4777
28.625,499933.1594,490643.4549
28.630,502887.0913,494115.2824
28.635,503167.6848,494816.4484
28.640,501756.4438,493627.4504
28.645,498624.5646,491089.0919
28.650,494591.9455,488107.9657
28.655,491812.8098,486276.6404
28.660,491540.1476,486453.6019
28.665,492620.1929,487725.7986
28.670,494211.0444,489468.973
28.675,495953.3578,491295.5807
28.680,496849.1847,492120.6279
28.685,496623.4284,491788.5122
28.690,495493.27,490778.6562
28.695,493918.4222,489527.6808
28.700,493472.9874,489289.0521
28.705,493877.235,489967.7018
28.710,495484.0136,491894.6267
28.715,497936.5648,494807.6448
28.720,499528.5169,496758.8021
28.725,499973.76,497596.3492
28.730,498062.1089,496025.4925
28.735,493083.58,491609.0557
28.740,488346.882,487311.2078
28.745,485818.3111,485306.1335
28.750,485147.2743,485043.4279
28.755,486644.5647,486830.6642
28.760,491112.2245,491610.23
28.765,495762.8721,496583.8842
28.770,498027.7686,498891.0429
28.775,497676.5104,498685.7132
28.780,495001.4047,496141.3841
28.785,489213.1937,490326.6031
28.790,486309.6185,487329.917
28.795,484922.7326,485874.8294
28.800,484858.3799,485678.9197
28.805,485953.8248,486551.2444
28.810,487264.5985,487706.4758
28.815,488508.2575,488741.0117
28.820,489327.6714,489340.7138
28.825,489677.2426,489547.1298
28.830,488964.224,488830.1099
28.835,487667.5662,487538.6757
28.840,486534.9629,486390.5156
28.845,486013.8649,485947.9801
28.850,486238.9598,486227.65
28.855,487630.969,487796.0312
28.860,492014.8086,492440.6497
28.865,494696.7787,495537.1037
28.870,495970.1932,497461.5965
28.875,495489.8104,497455.0082
28.880,491880.6156,494319.9966
28.885,486788.7971,489196.3573
28.890,483276.1186,485092.5515
28.895,482723.9445,483646.7212
28.900,483526.2999,483878.223
28.905,486602.8872,486936.1387
28.910,490082.9369,490259.2155
28.915,493251.1002,492488.0045
28.920,494542.297,492078.6736
28.925,493339.6519,489944.6455
28.930,489992.6124,486166.3495
28.935,484342.9185,480310.6594
28.940,479822.14,475109.0213
28.945,479438.4504,474212.311
28.950,480331.2875,474933.1386
28.955,484958.6859,479828.8316
28.960,491306.6248,486583.6723
28.965,495612.5029,491130.2568
28.970,496310.8962,491942.5624
28.975,495211.4562,491229.9504
28.980,491543.0556,488272.4208
28.985,487018.7508,484400.5983
28.990,483479.5684,481428.8439
28.995,481912.9635,480380.777
29.000,481374.117,480213.0896
29.005,481979.1233,481040.68
29.010,484171.8132,483585.2603
29.015,487303.6062,486800.0563
29.020,490857.4089,490481.9075
29.025,493919.3081,493735.6892
29.030,495324.527,495322.3297
29.035,495016.462,494962.2255
29.040,493329.8786,493231.6766
29.045,489750.4082,489614.9015
29.050,486523.481,486479.6479
29.055,485655.3826,485715.7096
29.060,486003.0851,486163.4862
29.065,486892.3692,487066.5522
29.070,488420.4984,488542.3748
29.075,488621.1693,488695.9713
29.080,487842.7231,487782.4017
29.085,486344.5009,486188.0831
29.090,485467.757,485294.1043
29.095,485741.4744,485553.6911
29.100,487546.5288,487296.1513
29.105,491186.8749,490846.5549
29.110,495945.8378,495599.4748
29.115,497352.1214,497093.6041
29.120,496416.6535,496256.7212
29.125,489919.1249,489890.7856
29.130,479017.656,479064.4996
29.135,474582.4708,474622.519
29.140,473586.7699,473747.3936
29.145,474630.2431,475187.9713
29.150,481439.2057,482394.1659
29.155,489283.8633,490475.0613
29.160,492842.0247,494088.766
29.165,495108.709,496422.539
29.170,494142.6679,495192.4084
29.175,488388.7013,489322.4474
29.180,480712.9577,481670.454
29.185,473879.5354,474957.3088
29.190,472289.0923,473466.4147
29.195,472602.9695,473746.5879
29.200,476984.9376,477923.0913
29.205,483747.6662,484504.1821
29.210,487344.4568,487929.9121
29.215,488339.6884,488798.5575
29.220,487780.6805,488027.5841
29.225,482527.5481,482472.5157
29.230,476410.3791,476116.1243
29.235,472804.2925,472280.1912
29.240,471998.5482,471187.1596
29.245,472580.0935,471519.23
29.250,476016.38,474693.464
29.255,484652.2712,483051.5765
29.260,488008.8072,486212.4036
29.265,488791.0612,486938.0094
29.270,486483.2859,484626.2018
29.275,479352.4208,477460.1805
29.280,474366.2074,472433.4843
29.285,472875.0677,470942.1879
29.290,472721.8739,470787.1643
29.295,476003.9053,474015.1142
29.300,482999.7974,480956.6431
29.305,489848.1155,487800.5518
29.310,494463.9109,492436.4997
29.315,494770.4125,492724.0662
29.320,491777.5143,489751.7515
29.325,484563.2305,482524.2308
29.330,475179.7721,473035.6772
29.335,473300.595,471000.6463
29.340,473538.3966,471007.4083
29.345,476574.3138,473784.8617
29.350,483920.8159,480877.2735
29.355,489784.3131,486698.4584
29.360,493569.4238,490471.3967
29.365,494643.3877,491563.2158
29.370,492972.7942,489939.5405
29.375,487950.8169,484982.6617
29.380,484959.5473,481917.1553
29.385,481858.1067,478692.3512
29.390,480662.4028,477388.2041
29.395,480936.2339,477689.049
29.400,482327.8416,479065.6445
29.405,484807.7522,481466.099
29.410,486621.3063,483368.5364
29.415,487707.2775,484516.4129
29.420,488158.1424,484957.909
29.425,487685.2161,484588.6618
29.430,486779.2971,483752.7084
29.435,485927.0126,482862.4206
29.440,485640.4368,482546.9358
29.445,486052.7645,482811.3428
29.450,486697.2106,483315.8213
29.455,488450.3815,484952.199
29.460,489289.4971,485714.7943
29.465,489189.0555,485512.4414
29.470,487328.878,483648.2944
29.475,483436.9494,479800.4793
29.480,481756.8549,478108.3269
29.485,480935.1645,477210.8851
29.490,480979.6811,477273.8866
29.495,482974.5687,479221.3523
29.500,486213.3049,482465.388
29.505,490204.1057,486598.5266
29.510,491629.876,488040.642
29.515,491316.5621,487838.1613
29.520,488857.696,485546.9556
29.525,483420.1369,480462.7028
29.530,479908.9273,477072.5585
29.535,477669.7592,474895.8984
29.540,476841.2154,474242.9839
29.545,477033.361,474740.0056
29.550,478584.1471,476682.1248
29.555,483359.909,481736.032
29.560,487333.7792,485943.7687
29.565,489246.9882,488090.9255
29.570,489470.8192,488588.9198
29.575,487899.6304,487189.5353
29.580,484994.9242,484475.8423
29.585,481881.9236,481583.941
29.590,479047.4236,478981.4151
29.595,478336.2339,478477.7847
29.600,478577.972,478935.6892
29.605,479971.4913,480405.5121
29.610,482508.8598,483065.292
29.615,485469.2673,486072.0019
29.620,487240.1336,487942.5584
29.625,487537.4355,488160.6459
29.630,487370.2016,487925.962
29.635,486599.9451,487044.7065
29.640,485754.5573,486185.4454
29.645,485286.8073,485706.0419
29.650,485268.3013,485695.8138
29.655,485639.7349,486240.2528
29.660,485881.8857,486548.7627
29.665,485760.2724,486587.488
29.670,484335.8199,485284.5453
29.675,482094.9575,483430.963
29.680,480087.292,481713.7779
29.685,479217.6601,481273.5624
29.690,479282.3554,481659.5873
29.695,481103.6598,483915.9391
29.700,484819.511,488006.8175
29.705,489007.645,492463.9902
29.710,491363.26,495066.902
29.715,492225.3752,496467.98
29.720,490449.1844,494999.0838
29.725,486110.7043,491316.356
29.730,478099.2406,484283.0147
29.735,475019.7084,481588.3437
29.740,474500.9507,481316.2187
29.745,474992.5544,482113.3663
29.750,478092.9785,485777.175
29.755,482972.2057,490895.4722
29.760,487183.9432,495282.7407
29.765,489074.5928,497340.6732
29.770,488934.3059,497398.7484
29.775,488168.0598,496594.0508
29.780,486465.9711,494778.2096
29.785,483847.8734,491944.612
29.790,481021.0326,488930.4073
29.795,479912.7457,487612.0128
29.800,479548.531,487084.127
29.805,479474.9329,487202.7996
29.810,479997.7577,487818.2199
29.815,480576.5648,488719.5711
29.820,480911.5271,489758.9364
29.825,481244.0348,490846.7613
29.830,481422.2045,492300.8329
29.835,481556.7718,492984.1395
29.840,481660.5714,491678.5997
29.845,482275.7343,489012.2838
29.850,483029.496,486218.1463
29.855,483510.06,485775.797
29.860,483326.0989,485633.9649
29.865,481542.1925,483386.4148
29.870,479742.9601,482505.5462
29.875,477832.7023,481568.3457
29.880,475991.3299,480094.9352
29.885,474764.9343,478913.604
29.890,474815.0964,478725.7785
29.895,476114.3073,479868.0473
29.900,479167.515,483199.5628
29.905,483604.9236,488627.2357
29.910,485988.8032,492046.4645
29.915,486607.5103,493605.0768
29.920,485462.5873,493186.4356
29.925,481839.9254,490447.5572
29.930,477361.4347,486405.1084
29.935,473709.2997,483183.7827
29.940,472032.2252,481857.6282
29.945,471745.801,482031.2562
29.950,473087.4775,483478.4978
29.955,475456.1924,486097.5135
29.960,479128.5438,489981.2196
29.965,482156.011,493182.3523
29.970,483020.3089,494000.3277
29.975,482979.9627,493941.4844
29.980,482117.4246,492981.8202
29.985,479714.7897,490470.8297
29.990,478124.1675,488788.2293
29.995,477248.6027,487748.0358
30.000,477162.8016,487499.7294
