# freq_Hz,PSD_Pa2_Hz
7.142857142853488439e-02,3.250232004514222741e+08
1.428571428570697688e-01,2.858599504380301833e+08
2.142857142856046671e-01,1.304560387625209540e+08
2.857142857141395376e-01,7.924484305571955442e+07
3.571428571426744081e-01,1.152417427291437626e+09
4.285714285712093341e-01,4.338200919016541541e+07
4.999999999997442046e-01,2.446597166459763646e+08
5.714285714282790751e-01,7.367510345327485800e+08
6.428571428568139456e-01,4.189202592359106243e+07
7.142857142853488162e-01,2.565923813137991726e+08
7.857142857138836867e-01,4.897212967105650902e+07
8.571428571424186682e-01,2.363035800576855242e+07
9.285714285709535387e-01,5.983106875897734612e+07
9.999999999994884092e-01,1.811674482872409225e+08
1.071428571428023169e+00,3.419622396582148969e+07
1.142857142856558150e+00,8.322744294164852798e+07
1.214285714285093132e+00,3.526425355848922133e+08
1.285714285713627891e+00,4.613400706005703658e+07
1.357142857142162873e+00,8.615734666831615567e+07
1.428571428570697632e+00,2.690580983117536902e+08
1.499999999999232614e+00,1.133139098888398707e+08
1.571428571427767373e+00,4.997058791780067235e+07
1.642857142856302355e+00,4.763125901973338425e+07
1.714285714284837336e+00,6.771188153268769383e+07
1.785714285713372096e+00,6.322503183414113522e+07
1.857142857141907077e+00,5.943865320794103295e+07
1.928571428570441837e+00,6.768714678965775669e+07
1.999999999998976818e+00,1.359870675920443535e+08
2.071428571427511578e+00,6.030238856945248693e+07
2.142857142856046337e+00,7.078941955855698884e+07
2.214285714284581541e+00,8.370605932284747064e+07
2.285714285713116301e+00,6.249376239904719591e+07
2.357142857141651060e+00,2.159817731416905299e+07
2.428571428570186264e+00,9.039369704287584126e+07
2.499999999998721023e+00,2.934943099851422310e+08
2.571428571427255783e+00,8.047744112471166253e+07
2.642857142855790542e+00,1.052166061478106678e+08
2.714285714284325746e+00,1.376150787108913958e+08
2.785714285712860505e+00,4.591913817881744355e+07
2.857142857141395265e+00,2.234927113115799427e+07
2.928571428569930468e+00,6.451481472643683106e+07
2.999999999998465228e+00,7.931988912763948739e+07
3.071428571426999987e+00,3.238571126526966691e+07
3.142857142855534747e+00,1.750595585614504665e+07
3.214285714284069950e+00,1.772579413204877451e+07
3.285714285712604710e+00,4.837417801575941592e+07
3.357142857141139469e+00,6.597493762168882042e+07
3.428571428569674673e+00,2.132952050945660770e+08
3.499999999998209432e+00,9.114340430195686221e+07
3.571428571426744192e+00,1.179901343108072877e+08
3.642857142855278951e+00,3.439921458935728669e+07
3.714285714283814155e+00,1.381849288230309784e+08
3.785714285712348914e+00,1.449543599952700436e+08
3.857142857140883674e+00,5.284927164005212486e+07
3.928571428569418433e+00,3.108507373217067495e+07
3.999999999997953637e+00,4.208175887864971161e+07
4.071428571426488396e+00,5.365967801069217920e+07
4.142857142855023156e+00,2.823082965362394601e+07
4.214285714283557915e+00,3.642667313008198887e+07
4.285714285712092675e+00,3.970337309668651223e+07
4.357142857140628323e+00,1.518178476454304159e+08
4.428571428569163082e+00,1.053928635203929245e+08
4.499999999997697842e+00,2.526381058705724776e+07
4.571428571426232601e+00,4.755248856407284737e+07
4.642857142854767361e+00,4.976092190992528945e+07
4.714285714283302120e+00,2.882413179574924335e+07
4.785714285711836879e+00,5.155278526499787718e+07
4.857142857140372527e+00,2.488491027244587615e+07
4.928571428568907287e+00,6.700392591964608058e+06
4.999999999997442046e+00,9.669277669082175195e+07
5.071428571425976806e+00,2.147615882528413087e+07
5.142857142854511565e+00,1.394505367925927974e+07
5.214285714283046325e+00,2.016850825319961011e+08
5.285714285711581084e+00,2.340712912404545397e+07
5.357142857140116732e+00,3.502491616655556858e+07
5.428571428568651491e+00,2.716561002848020941e+07
5.499999999997186251e+00,5.453687322041408718e+07
5.571428571425721010e+00,3.581583283110538870e+07
5.642857142854255770e+00,3.951949193553059548e+07
5.714285714282790529e+00,6.133072581513779610e+07
5.785714285711325289e+00,4.620868521466007084e+07
5.857142857139860936e+00,6.800969744626231492e+07
5.928571428568395696e+00,1.772784319614165649e+07
5.999999999996930455e+00,4.932650194602335803e+06
6.071428571425465215e+00,1.370873571313322522e+07
6.142857142853999974e+00,1.881011374092604220e+07
6.214285714282534734e+00,2.060556982508505881e+07
6.285714285711069493e+00,1.002489077365600504e+07
6.357142857139605141e+00,1.083518565843557008e+07
6.428571428568139901e+00,4.001120648787355423e+07
6.499999999996674660e+00,2.724639168289008085e+06
6.571428571425209419e+00,7.461121546765780449e+07
6.642857142853744179e+00,1.736254626277454197e+07
6.714285714282278938e+00,3.446159193704225868e+07
6.785714285710813698e+00,9.664882194853043184e+06
6.857142857139349346e+00,3.010858871507557854e+07
6.928571428567884105e+00,7.186776711905999109e+06
6.999999999996418865e+00,7.264174309851178899e+06
7.071428571424953624e+00,1.949739141584975272e+07
7.142857142853488384e+00,3.473372885968586057e+07
7.214285714282023143e+00,4.830784982041541487e+06
7.285714285710557903e+00,1.198326668795423396e+07
7.357142857139092662e+00,9.547293833178952336e+06
7.428571428567628310e+00,2.376145556589587126e+06
7.499999999996163069e+00,1.882953892357662693e+07
7.571428571424697829e+00,5.080567898440176994e+07
7.642857142853232588e+00,1.874438385934407264e+07
7.714285714281767348e+00,1.101834894722065888e+07
7.785714285710302107e+00,1.480496642817415111e+07
7.857142857138836867e+00,2.852947638482977450e+07
7.928571428567372514e+00,1.988691086509460211e+07
7.999999999995907274e+00,2.480343760527372733e+07
8.071428571424441145e+00,6.568256735693471879e+07
8.142857142852976793e+00,2.954420861430979893e+07
8.214285714281512440e+00,1.528921519491720572e+07
8.285714285710046312e+00,1.542543477513113059e+07
8.357142857138581959e+00,2.627711027680763975e+07
8.428571428567115831e+00,6.472621463423761539e+06
8.499999999995651478e+00,6.207224661395328119e+06
8.571428571424185350e+00,4.123279164296743274e+07
8.642857142852720997e+00,8.314637030946289189e+06
8.714285714281256645e+00,6.295816448046364821e+06
8.785714285709790516e+00,1.135828612074449286e+07
8.857142857138326164e+00,2.531974249854212627e+06
8.928571428566860035e+00,3.560290044803937431e+06
8.999999999995395683e+00,1.293418209904291481e+07
9.071428571423929554e+00,2.553526490795365069e+06
9.142857142852465202e+00,6.044781163250216283e+06
9.214285714281000850e+00,5.375170820165580139e+06
9.285714285709534721e+00,7.242753095111981034e+06
9.357142857138070369e+00,6.902939753103355877e+06
9.428571428566604240e+00,1.442015021713060141e+07
9.499999999995139888e+00,2.346791328799820971e+06
9.571428571423673759e+00,6.410142085169301368e+06
9.642857142852209407e+00,4.121089015444669873e+06
9.714285714280745054e+00,2.010771946576693654e+07
9.785714285709278926e+00,7.430355832686381415e+06
9.857142857137814573e+00,9.217170271924069151e+06
9.928571428566348445e+00,5.395033105098458007e+06
9.999999999994884092e+00,6.471440037736134604e+06
1.007142857142341796e+01,9.996340951949633658e+06
1.014285714285195361e+01,3.330750252840106376e+06
1.021428571428048926e+01,4.627088737186459824e+06
1.028571428570902313e+01,1.570365034384706989e+06
1.035714285713755878e+01,2.343936746590207331e+06
1.042857142856609265e+01,5.159426288764757104e+06
1.049999999999462830e+01,2.927586415695722681e+06
1.057142857142316217e+01,1.694443302036810666e+07
1.064285714285169782e+01,4.704612789394221269e+06
1.071428571428023346e+01,3.120286109755483456e+06
1.078571428570876733e+01,2.493455544028687291e+06
1.085714285713730298e+01,5.606606969878423959e+06
1.092857142856583685e+01,1.002732145760315284e+07
1.099999999999437250e+01,6.018015875873063691e+06
1.107142857142290637e+01,3.867693909109178465e+06
1.114285714285144202e+01,1.955423498289699201e+06
1.121428571427997767e+01,1.367271379326297436e+06
1.128571428570851154e+01,1.653642712327144109e+06
1.135714285713704719e+01,2.438886173903186806e+06
1.142857142856558106e+01,1.615430717389382888e+06
1.149999999999411671e+01,6.770981379430482164e+06
1.157142857142265058e+01,8.562262210379157914e+05
1.164285714285118623e+01,1.667881864843191579e+06
1.171428571427972187e+01,3.964890605388844851e+06
1.178571428570825574e+01,2.764952609454839025e+06
1.185714285713679139e+01,2.231235271316858940e+06
1.192857142856532526e+01,2.808551587850813288e+06
1.199999999999386091e+01,2.464006621354276780e+06
1.207142857142239478e+01,2.352992078193472233e+06
1.214285714285093043e+01,4.194696205546323210e+06
1.221428571427946608e+01,2.234304068534353282e+06
1.228571428570799995e+01,1.545641065899215406e+06
1.235714285713653560e+01,1.769751062909920467e+06
1.242857142856506947e+01,4.115329596451695543e+06
1.249999999999360512e+01,6.701737556048992090e+06
1.257142857142213899e+01,3.054037786664596759e+06
1.264285714285067463e+01,3.206514550353581551e+06
1.271428571427921028e+01,4.225556670698518865e+06
1.278571428570774415e+01,3.907100197769511142e+05
1.285714285713627980e+01,3.331414298430241179e+06
1.292857142856481367e+01,3.130811896972981747e+06
1.299999999999334932e+01,7.105344279917170061e+05
1.307142857142188319e+01,1.065789753021375975e+06
1.314285714285041884e+01,5.702756940113108605e+06
1.321428571427895449e+01,7.812321304213122930e+05
1.328571428570748836e+01,9.698720162626862293e+05
1.335714285713602401e+01,7.360135754314467777e+05
1.342857142856455788e+01,1.822008901029811008e+06
1.349999999999309352e+01,2.633277282940365840e+06
1.357142857142162740e+01,5.183721748561397195e+06
1.364285714285016304e+01,1.422526829703878378e+06
1.371428571427869869e+01,6.775216341438982636e+05
1.378571428570723256e+01,2.879667336624048185e+05
1.385714285713576821e+01,3.371793276246840833e+05
1.392857142856430208e+01,1.869069778567669215e+06
1.399999999999283773e+01,4.350995248717111535e+06
1.407142857142137160e+01,3.790621379506257828e+06
1.414285714284990725e+01,1.443040936374270590e+06
1.421428571427844112e+01,7.655724555540503934e+05
1.428571428570697677e+01,2.071094924590341281e+06
1.435714285713551241e+01,1.175223178438777570e+06
1.442857142856404629e+01,1.586575253514254931e+06
1.449999999999258193e+01,7.185648170206707437e+05
1.457142857142111581e+01,3.304257583434493747e+06
1.464285714284965145e+01,1.043276738042865065e+06
1.471428571427818532e+01,1.345085256706063228e+05
1.478571428570672097e+01,1.096932592432185542e+06
1.485714285713525662e+01,9.914514211557244416e+05
1.492857142856379049e+01,4.777447245024237782e+05
1.499999999999232614e+01,8.587068486327086389e+07
1.507142857142086001e+01,1.525430048748332309e+06
1.514285714284939566e+01,1.456666765796282096e+06
1.521428571427792953e+01,9.580072907363867853e+05
1.528571428570646518e+01,6.836449536502432311e+05
1.535714285713500082e+01,1.381298168080343632e+06
1.542857142856353470e+01,8.443711278930646367e+05
1.549999999999207034e+01,1.353994702110118000e+06
1.557142857142060421e+01,5.046859970945296227e+05
1.564285714284913986e+01,4.527662684110684204e+05
1.571428571427767373e+01,6.118418297888790257e+05
1.578571428570620938e+01,4.811580035203135922e+05
1.585714285713474503e+01,1.571360537993484642e+06
1.592857142856327890e+01,7.956273642130322987e+05
1.599999999999181455e+01,8.973072379406085238e+05
1.607142857142034842e+01,6.993139957009010250e+05
1.614285714284888229e+01,5.372212391383164795e+05
1.621428571427741971e+01,5.328159501041199546e+05
1.628571428570595359e+01,3.940526658190318383e+06
1.635714285713448746e+01,1.580438646481731674e+06
1.642857142856302488e+01,6.059123507417503279e+05
1.649999999999155875e+01,3.833104936053918209e+05
1.657142857142009262e+01,6.955180505339073716e+05
1.664285714284862649e+01,1.189046398300849134e+06
1.671428571427716392e+01,6.071821716823212337e+05
1.678571428570569779e+01,7.532051719882311299e+05
1.685714285713423166e+01,4.068106183311995119e+05
1.692857142856276909e+01,2.008530803237098153e+05
1.699999999999130296e+01,5.570801920889319154e+05
1.707142857141983683e+01,2.719738472217923845e+05
1.714285714284837070e+01,4.865362840285390266e+05
1.721428571427690812e+01,6.869590984405886848e+05
1.728571428570544199e+01,1.146209726948072668e+06
1.735714285713397587e+01,2.751215618601758615e+05
1.742857142856251329e+01,6.732057147602299228e+05
1.749999999999104716e+01,9.290223943460764131e+05
1.757142857141958103e+01,3.745985156764638959e+05
1.764285714284811490e+01,8.435136763005409157e+05
1.771428571427665233e+01,7.577011614649482071e+05
1.778571428570518620e+01,1.925282965173749486e+06
1.785714285713372007e+01,3.639327674275783356e+05
1.792857142856225749e+01,7.014028840899876086e+05
1.799999999999079137e+01,7.925327526697535068e+05
1.807142857141932524e+01,8.905607249011909880e+04
1.814285714284785911e+01,1.469836789207947906e+06
1.821428571427639653e+01,8.973062751704601105e+05
1.828571428570493040e+01,3.187887968872418278e+05
1.835714285713346428e+01,2.402745543779777945e+05
1.842857142856200170e+01,8.164525548696347978e+05
1.849999999999053557e+01,4.356878947356002172e+05
1.857142857141906944e+01,7.758485471712024882e+05
1.864285714284760331e+01,2.666490038346576039e+05
1.871428571427614074e+01,1.194346298682735302e+06
1.878571428570467461e+01,1.494096478680256405e+05
1.885714285713320848e+01,2.893477463691160665e+05
1.892857142856174590e+01,3.039591129878542270e+05
1.899999999999027978e+01,2.558337245350067678e+05
1.907142857141881365e+01,2.760213758614830440e+05
1.914285714284734752e+01,5.474964999077236280e+05
1.921428571427588494e+01,1.136994908222167753e+06
1.928571428570441881e+01,6.550740785251263296e+05
1.935714285713295268e+01,3.876407512930770754e+05
1.942857142856149011e+01,2.903205298921343638e+05
1.949999999999002398e+01,5.763966850434277439e+05
1.957142857141855785e+01,1.315491417534626555e+06
1.964285714284709172e+01,3.335125242942910409e+05
1.971428571427562915e+01,1.761167494334661751e+05
1.978571428570416302e+01,1.860599519045882160e+06
1.985714285713269689e+01,9.625347156580364099e+05
1.992857142856123431e+01,2.040022751999044325e+06
1.999999999998976818e+01,3.481944040351627860e+06
2.007142857141830206e+01,4.836549411900166306e+05
2.014285714284683593e+01,3.766756736034637317e+06
2.021428571427537335e+01,4.828541365200345404e+06
2.028571428570390722e+01,1.021826370434838720e+07
2.035714285713244109e+01,9.358927826264001429e+06
2.042857142856097852e+01,2.881229589383030310e+06
2.049999999998951239e+01,5.611114352907505818e+05
2.057142857141804626e+01,4.034577513524715323e+06
2.064285714284658013e+01,1.988364039755019825e+06
2.071428571427511756e+01,3.681820651738609653e+06
2.078571428570365143e+01,1.451231624561686767e+06
2.085714285713218530e+01,5.692760812179394066e+06
2.092857142856072272e+01,1.202369937231768155e+06
2.099999999998925659e+01,1.453533773923918605e+06
2.107142857141779047e+01,1.227982508173549082e+06
2.114285714284632434e+01,3.900734882345388760e+05
2.121428571427486176e+01,1.024848460807491909e+06
2.128571428570339563e+01,2.485182233446980536e+05
2.135714285713192950e+01,2.547522246800853463e+05
2.142857142856046693e+01,1.976427317393998092e+05
2.149999999998900080e+01,1.552680572655849683e+05
2.157142857141753467e+01,1.596016831261384068e+06
2.164285714284606854e+01,1.007084686316078762e+06
2.171428571427460597e+01,3.061600010659482214e+05
2.178571428570313984e+01,9.341313840349456295e+05
2.185714285713167371e+01,1.262867330921123212e+05
2.192857142856021113e+01,4.673779394654438365e+05
2.199999999998874500e+01,4.705156496276636026e+05
2.207142857141727887e+01,2.049840395820827689e+05
2.214285714284581275e+01,4.492669355656797416e+05
2.221428571427435017e+01,5.926848537601953285e+04
2.228571428570288404e+01,2.235637369616829965e+05
2.235714285713141791e+01,1.842396394168759289e+05
2.242857142855995534e+01,1.006258747887996287e+05
2.249999999998848921e+01,9.542594879639627470e+04
2.257142857141702308e+01,2.242163270817621669e+05
2.264285714284555695e+01,2.665015524613294401e+05
2.271428571427409437e+01,5.704499371111638611e+05
2.278571428570262825e+01,2.639044285818540957e+05
2.285714285713116212e+01,1.517165967714416329e+05
2.292857142855969954e+01,1.109144016447874892e+05
2.299999999998823341e+01,3.893599313486850588e+05
2.307142857141676728e+01,1.306346004739957716e+05
2.314285714284530115e+01,1.085256523722036800e+05
2.321428571427383858e+01,1.431797520530499460e+05
2.328571428570237245e+01,1.032836205106425477e+05
2.335714285713090632e+01,1.025725570765858283e+05
2.342857142855944375e+01,8.394710396397620207e+04
2.349999999998797762e+01,2.555401230309085222e+05
2.357142857141651149e+01,6.420154843960899598e+04
2.364285714284504536e+01,1.849666243787457643e+05
2.371428571427358278e+01,1.434839438112625794e+05
2.378571428570211665e+01,2.621186177148614079e+05
2.385714285713065053e+01,1.034444598307195411e+05
2.392857142855918795e+01,7.057235263458498230e+04
2.399999999998772182e+01,1.296003339281368389e+05
2.407142857141625569e+01,9.321404420466978627e+04
2.414285714284478956e+01,6.881463394104549661e+04
2.421428571427332699e+01,2.122858581685282988e+05
2.428571428570186086e+01,2.526658815012252307e+05
2.435714285713039473e+01,6.255504888472369203e+04
2.442857142855893215e+01,4.424138521870045952e+04
2.449999999998746603e+01,1.039523477903221356e+05
2.457142857141599990e+01,2.546069076474308531e+04
2.464285714284453377e+01,9.789909994518829626e+04
2.471428571427307119e+01,1.828536514226338768e+05
2.478571428570160506e+01,1.178222551291072159e+05
2.485714285713013894e+01,1.192240678894724115e+05
2.492857142855867636e+01,3.536087789383673808e+05
2.499999999998721023e+01,6.126288526459263812e+04
2.507142857141574410e+01,5.400756294748488290e+04
2.514285714284427797e+01,6.861077643995097606e+04
2.521428571427281540e+01,2.699687533320889343e+05
2.528571428570134927e+01,1.022284642231114412e+05
2.535714285712988314e+01,2.806040062358109863e+05
2.542857142855842056e+01,1.133614304375374777e+05
2.549999999998695444e+01,1.701316141816409945e+05
2.557142857141548831e+01,1.492491898028306896e+05
2.564285714284402218e+01,1.311336913785438810e+05
2.571428571427255960e+01,5.580408066496070387e+04
2.578571428570109347e+01,8.247947913679236080e+04
2.585714285712962734e+01,4.698792129457224655e+04
2.592857142855816477e+01,9.311043906328559387e+04
2.599999999998669864e+01,1.267072191161841038e+05
2.607142857141523251e+01,9.754685612340969965e+04
2.614285714284376638e+01,9.903450958993133099e+04
2.621428571427230381e+01,8.441935395492913085e+04
2.628571428570083768e+01,2.392887962984877231e+04
2.635714285712937155e+01,1.372748043353092507e+05
2.642857142855790897e+01,3.045750347764046819e+04
2.649999999998644284e+01,5.482183709623506729e+04
2.657142857141497672e+01,1.411978742818651954e+05
2.664285714284351059e+01,1.160187493393368350e+05
2.671428571427204801e+01,4.639043180081783066e+04
2.678571428570058188e+01,6.882555257314172923e+04
2.685714285712911575e+01,3.012732590094873376e+04
2.692857142855765318e+01,6.388747171562041331e+04
2.699999999998618705e+01,7.562711877104219457e+04
2.707142857141472092e+01,7.448270598917642201e+04
2.714285714284325479e+01,4.132126932301452325e+04
2.721428571427179222e+01,2.960165978225936851e+04
2.728571428570032609e+01,4.488570637163536594e+04
2.735714285712885996e+01,3.644551955561165232e+04
2.742857142855739738e+01,1.181807411446176993e+05
2.749999999998593125e+01,4.048139406060645706e+04
2.757142857141446513e+01,1.132489710153092456e+05
2.764285714284299900e+01,9.836442029636465304e+04
2.771428571427153642e+01,1.398659781967515300e+05
2.778571428570007029e+01,1.121203653301442318e+04
2.785714285712860416e+01,5.914500076871289639e+04
2.792857142855713803e+01,8.215431464235989552e+04
2.799999999998567546e+01,6.559379854860059277e+04
2.807142857141420933e+01,6.666742519262207497e+04
2.814285714284274320e+01,9.119553324651702133e+04
2.821428571427128063e+01,6.802699791764936526e+04
2.828571428569981450e+01,4.591169962034929631e+04
2.835714285712834837e+01,7.539487678075219446e+04
2.842857142855688224e+01,5.942507298654739134e+04
2.849999999998541966e+01,3.771571662805019150e+04
2.857142857141395353e+01,4.394995605994844664e+04
2.864285714284248741e+01,5.824390161024984991e+04
2.871428571427102483e+01,8.486044717351073632e+04
2.878571428569955870e+01,1.974152162775544639e+04
2.885714285712809257e+01,4.196427643269442342e+04
2.892857142855662644e+01,8.270488572121015750e+04
2.899999999998516387e+01,7.864971860196640773e+04
2.907142857141369774e+01,3.575681309971887094e+04
2.914285714284223161e+01,5.997431620409517200e+04
2.921428571427076903e+01,1.106211151752016667e+04
2.928571428569930291e+01,5.618707466324804409e+04
2.935714285712783678e+01,3.331187430597021012e+04
2.942857142855637065e+01,2.707773814492719248e+04
2.949999999998490807e+01,2.029713776625462560e+04
2.957142857141344194e+01,6.014137022663921380e+04
2.964285714284197581e+01,2.078391247287349688e+04
2.971428571427051324e+01,2.646347561182073696e+04
2.978571428569904711e+01,5.861523546553012420e+04
2.985714285712758098e+01,3.376182790739718621e+04
2.992857142855611485e+01,3.178502029410230170e+04
2.999999999998465228e+01,2.828449566901531580e+04
3.007142857141318615e+01,3.609650118034576735e+04
3.014285714284172002e+01,1.842782502871715042e+04
3.021428571427025744e+01,2.163016310336398237e+04
3.028571428569879131e+01,2.657461381609267482e+04
3.035714285712732519e+01,3.111948762900426300e+04
3.042857142855585906e+01,2.038046970173360023e+05
3.049999999998439648e+01,3.993698646954842843e+04
3.057142857141293035e+01,4.978111144750400126e+04
3.064285714284146422e+01,3.589257755467094830e+04
3.071428571427000165e+01,5.810707060147746233e+04
3.078571428569853552e+01,3.545360094983131421e+04
3.085714285712706939e+01,2.709635856763998891e+04
3.092857142855560326e+01,1.988869104358146797e+04
3.099999999998414069e+01,5.991113474387522729e+04
3.107142857141267456e+01,2.408332052167890288e+04
3.114285714284120843e+01,2.641822478824268183e+04
3.121428571426974585e+01,2.628394221434180872e+04
3.128571428569827972e+01,2.238881628178825486e+04
3.135714285712681360e+01,5.633906574900355918e+04
3.142857142855534747e+01,3.782089335413314257e+04
3.149999999998388489e+01,1.660022497683661641e+04
3.157142857141241876e+01,3.395588667357691156e+04
3.164285714284095263e+01,5.417732440376128216e+04
3.171428571426949006e+01,3.843796489314937207e+04
3.178571428569802393e+01,1.344042286778660491e+04
3.185714285712655780e+01,4.937801370850887179e+04
3.192857142855509167e+01,3.035934986038536226e+04
3.199999999998362910e+01,1.904266436389081355e+04
3.207142857141216297e+01,2.495313928017691433e+04
3.214285714284069684e+01,4.003074790801665222e+04
3.221428571426923071e+01,2.211434853998696781e+04
3.228571428569776458e+01,6.191219414145332121e+04
3.235714285712630556e+01,3.762223208043862542e+04
3.242857142855483943e+01,1.550196308035298898e+04
3.249999999998337330e+01,2.326720976816718394e+04
3.257142857141190717e+01,9.134103730817369069e+03
3.264285714284044104e+01,1.100212208954987000e+04
3.271428571426897491e+01,1.092263852438379035e+04
3.278571428569750879e+01,3.216286678858666710e+04
3.285714285712604976e+01,2.505290989259668640e+04
3.292857142855458363e+01,4.243575878066449513e+04
3.299999999998311750e+01,2.643283032196030035e+04
3.307142857141165138e+01,2.570949574253429819e+04
3.314285714284018525e+01,3.633380243654171500e+04
3.321428571426871912e+01,3.785006131723336875e+04
3.328571428569725299e+01,3.102252202461587149e+04
3.335714285712579397e+01,4.185268280521176348e+04
3.342857142855432784e+01,2.167096740398625843e+04
3.349999999998286171e+01,4.489423025577548106e+04
3.357142857141139558e+01,1.358465383724634739e+04
3.364285714283992945e+01,2.490283218018856860e+04
3.371428571426846332e+01,3.918721608642342471e+04
3.378571428569699719e+01,2.197524960682248275e+04
3.385714285712553817e+01,1.826238454366514270e+04
3.392857142855407204e+01,2.762096383621492350e+04
3.399999999998260591e+01,1.549283608030030155e+04
3.407142857141113979e+01,3.750425677057147550e+04
3.414285714283967366e+01,2.424694436741669779e+04
3.421428571426820753e+01,1.622744817225861698e+04
3.428571428569674140e+01,2.195015148374974160e+04
3.435714285712528238e+01,3.697228386280244740e+04
3.442857142855381625e+01,1.702433354273696386e+04
3.449999999998235012e+01,1.442546395611473781e+04
3.457142857141088399e+01,3.186074500856956001e+04
3.464285714283941786e+01,2.377247812271493603e+04
3.471428571426795173e+01,3.864780186924338341e+04
3.478571428569648560e+01,1.965634436621780696e+04
3.485714285712502658e+01,1.584417459643821712e+04
3.492857142855356045e+01,1.083070321962565686e+04
3.499999999998209432e+01,1.454355925498477154e+04
3.507142857141062819e+01,3.750414531365856237e+04
3.514285714283916207e+01,2.319674768555991977e+04
3.521428571426769594e+01,1.706825824741402903e+04
3.528571428569622981e+01,2.788500646887537732e+04
3.535714285712477079e+01,8.223768870112404329e+03
3.542857142855330466e+01,9.123387371778049783e+03
3.549999999998183853e+01,3.901402331412379135e+04
3.557142857141037240e+01,9.472772404411948810e+04
3.564285714283890627e+01,6.042628431128935517e+03
3.571428571426744014e+01,2.821381797592060320e+04
3.578571428569597401e+01,1.659057640294668818e+04
3.585714285712451499e+01,3.760788933550106594e+04
3.592857142855304886e+01,3.680645790200911870e+04
3.599999999998158273e+01,4.117503871684703336e+04
3.607142857141011660e+01,1.125460838342358875e+04
3.614285714283865047e+01,1.692854204814040713e+04
3.621428571426718435e+01,4.430199677296084701e+03
3.628571428569571822e+01,3.051979050701720553e+04
3.635714285712425919e+01,1.504948471639994932e+04
3.642857142855279307e+01,1.476161713012121254e+04
3.649999999998132694e+01,1.285977087892953023e+04
3.657142857140986081e+01,7.401015855291952903e+03
3.664285714283839468e+01,2.075252457737075383e+04
3.671428571426692855e+01,1.199920138986605343e+04
3.678571428569546242e+01,8.663481685158451000e+03
3.685714285712400340e+01,2.721832523939510065e+04
3.692857142855253727e+01,1.676615332556976500e+04
3.699999999998107114e+01,3.084660992752751918e+04
3.707142857140960501e+01,3.568759791531562951e+04
3.714285714283813888e+01,3.796329803572586388e+04
3.721428571426667276e+01,1.877303293898238189e+04
3.728571428569520663e+01,6.023945259361586977e+03
3.735714285712374760e+01,4.337234240940996824e+04
3.742857142855228147e+01,1.125678194937675835e+04
3.749999999998081535e+01,8.834577609912996195e+03
3.757142857140934922e+01,2.728477547423984288e+04
3.764285714283788309e+01,2.556029643352899438e+04
3.771428571426641696e+01,2.058939526213114368e+04
3.778571428569495083e+01,1.533280492579345810e+04
3.785714285712349181e+01,1.612021402946433409e+04
3.792857142855202568e+01,2.408322664284486382e+04
3.799999999998055955e+01,1.378773712767198958e+04
3.807142857140909342e+01,1.599830528812561352e+04
3.814285714283762729e+01,1.331865497987381059e+04
3.821428571426616116e+01,1.660414664842154889e+04
3.828571428569469504e+01,1.221773603592600921e+04
3.835714285712323601e+01,1.495559408578098191e+04
3.842857142855176988e+01,2.100905685353292938e+04
3.849999999998030376e+01,2.322499732662924362e+04
3.857142857140883763e+01,7.992057071168334005e+03
3.864285714283737150e+01,8.692937756803299635e+03
3.871428571426590537e+01,6.106955659820606343e+03
3.878571428569443924e+01,1.216492106000620879e+04
3.885714285712298022e+01,2.841915953728235036e+04
3.892857142855151409e+01,1.197963248214297528e+04
3.899999999998004796e+01,2.828300721676037574e+04
3.907142857140858183e+01,9.495412326096484321e+03
3.914285714283711570e+01,1.007456293645293954e+04
3.921428571426564957e+01,2.958541967362910145e+04
3.928571428569418345e+01,2.045084418404222015e+04
3.935714285712272442e+01,1.859988733971776674e+04
3.942857142855125829e+01,1.096063880972435618e+04
3.949999999997979216e+01,9.638590974396995080e+03
3.957142857140832604e+01,1.648544986285673804e+04
3.964285714283685991e+01,1.613465762368617652e+04
3.971428571426539378e+01,1.561194015997382303e+04
3.978571428569392765e+01,2.764557968249822807e+04
3.985714285712246863e+01,2.771668201321823290e+04
3.992857142855100250e+01,1.488491731819501001e+04
3.999999999997953637e+01,1.820988313280229704e+04
4.007142857140807024e+01,2.456278642489386039e+04
4.014285714283660411e+01,2.512701662819940975e+04
4.021428571426513798e+01,2.034681930576510058e+04
4.028571428569367185e+01,2.092277599840850598e+04
4.035714285712221283e+01,1.275530665869608674e+04
4.042857142855074670e+01,2.360578428497067216e+04
4.049999999997928057e+01,8.366882201925518530e+03
4.057142857140781445e+01,1.267661219381389856e+04
4.064285714283634832e+01,1.398791117862250576e+04
4.071428571426488219e+01,1.189147673382760149e+04
4.078571428569341606e+01,2.198356195170782667e+04
4.085714285712195704e+01,1.328039616005037169e+04
4.092857142855049091e+01,2.543201570484173499e+04
4.099999999997902478e+01,9.366960566974545145e+03
4.107142857140755865e+01,2.028238950222059430e+04
4.114285714283609252e+01,5.407711500765601158e+03
4.121428571426462639e+01,1.381519438468716362e+04
4.128571428569316026e+01,3.035675312508948264e+04
4.135714285712170124e+01,1.720374947213916312e+04
4.142857142855023511e+01,2.426738054903092052e+04
4.149999999997876898e+01,2.108737083185319352e+04
4.157142857140730285e+01,9.209525221053958376e+03
4.164285714283583673e+01,2.377487087873107157e+04
4.171428571426437060e+01,1.395440309146648360e+04
4.178571428569290447e+01,1.401728374607323894e+04
4.185714285712144545e+01,8.899094374764896202e+03
4.192857142854997932e+01,1.412335335867812864e+04
4.199999999997851319e+01,1.580749264449683687e+04
4.207142857140704706e+01,1.094055902009956117e+04
4.214285714283558093e+01,1.500447321550067318e+04
4.221428571426411480e+01,1.598210202295471390e+04
4.228571428569264867e+01,6.094686319104405811e+03
4.235714285712118965e+01,1.482203928349396847e+04
4.242857142854972352e+01,9.795986296151097122e+03
4.249999999997825739e+01,2.666167880487054936e+04
4.257142857140679126e+01,1.301228208011196512e+04
4.264285714283532513e+01,1.998095401375707661e+04
4.271428571426385901e+01,1.043252803961801146e+04
4.278571428569239288e+01,2.344596457998947153e+04
4.285714285712093385e+01,2.175389253140616347e+04
4.292857142854946773e+01,5.383899261699718409e+03
4.299999999997800160e+01,1.542459598971583182e+04
4.307142857140653547e+01,8.988500378662585717e+03
4.314285714283506934e+01,1.736888766524566017e+04
4.321428571426360321e+01,3.042468038820356378e+04
4.328571428569213708e+01,1.716612920274694625e+04
4.335714285712067806e+01,2.064588236266344029e+04
4.342857142854921193e+01,1.503344724411553216e+04
4.349999999997774580e+01,4.795244906451755924e+03
4.357142857140627967e+01,1.094579026371534201e+04
4.364285714283481354e+01,2.014978464926483139e+04
4.371428571426334742e+01,1.895411954419001268e+04
4.378571428569188129e+01,1.221593575254334610e+04
4.385714285712042226e+01,1.805457638801825306e+04
4.392857142854895613e+01,1.096016954444664043e+04
4.399999999997749001e+01,6.207173763999036964e+03
4.407142857140602388e+01,2.841109459758083176e+03
4.414285714283455775e+01,1.037017287159378611e+04
4.421428571426309162e+01,1.488427116786436090e+04
4.428571428569162549e+01,7.124102466245773030e+03
4.435714285712016647e+01,1.966502907460929055e+04
4.442857142854870034e+01,1.134986733468897910e+04
4.449999999997723421e+01,1.925374379093219250e+04
4.457142857140576808e+01,1.251826837193673782e+04
4.464285714283430195e+01,1.720513476941472982e+04
4.471428571426283582e+01,8.543417948408221491e+03
4.478571428569136970e+01,1.427357594949321538e+04
4.485714285711991067e+01,7.753044460788926699e+03
4.492857142854844454e+01,1.501986086824254016e+04
4.499999999997697842e+01,2.645459836295548303e+04
4.507142857140551229e+01,1.152456048389010357e+04
4.514285714283404616e+01,1.642403360425508436e+04
4.521428571426258003e+01,1.639358427415721235e+04
4.528571428569111390e+01,3.961034516833303769e+03
4.535714285711965488e+01,4.957377627399166158e+03
4.542857142854818875e+01,1.457532629241530412e+04
4.549999999997672262e+01,2.046145832987514223e+04
4.557142857140525649e+01,1.033231817108536598e+04
4.564285714283379036e+01,1.228608679448770272e+04
4.571428571426232423e+01,7.567040495723462300e+03
4.578571428569085811e+01,9.250589164535522286e+03
4.585714285711939908e+01,6.764755738113800362e+03
4.592857142854793295e+01,2.186246368606999022e+04
4.599999999997646682e+01,1.100865840146536721e+04
4.607142857140500070e+01,7.403113936570169244e+03
4.614285714283353457e+01,1.997128741798355622e+04
4.621428571426206844e+01,8.424997061137637502e+03
4.628571428569060231e+01,4.298243760295416723e+04
4.635714285711914329e+01,1.244331234316636983e+04
4.642857142854767716e+01,2.016639397962753719e+04
4.649999999997621103e+01,3.474728714637835765e+03
4.657142857140474490e+01,1.187721622374382059e+04
4.664285714283327877e+01,4.864076523682178959e+03
4.671428571426181264e+01,1.082764692038220710e+04
4.678571428569034651e+01,8.052993199729967273e+03
4.685714285711888749e+01,6.828076769046605477e+03
4.692857142854742136e+01,8.398950972000555339e+03
4.699999999997595523e+01,1.171136565396399419e+04
4.707142857140448911e+01,1.670961700087575082e+04
4.714285714283302298e+01,1.224511732992952420e+04
4.721428571426155685e+01,1.007039730926087213e+04
4.728571428569009072e+01,1.319398088460859799e+04
4.735714285711863170e+01,1.444308395299466065e+04
4.742857142854716557e+01,1.125244358176469723e+04
4.749999999997569944e+01,2.995462974566444245e+03
4.757142857140423331e+01,2.288853973071661676e+04
4.764285714283276718e+01,8.711126355914129817e+03
4.771428571426130105e+01,1.256790121926436223e+04
4.778571428568983492e+01,5.176183503737828687e+03
4.785714285711837590e+01,2.198612022027506828e+04
4.792857142854690977e+01,8.800091681356156187e+03
4.799999999997544364e+01,9.790846003666592878e+03
4.807142857140397751e+01,8.919489345191816028e+03
4.814285714283251139e+01,1.017263500854378253e+04
4.821428571426104526e+01,2.409999563776481227e+04
4.828571428568957913e+01,6.763325490347914638e+03
4.835714285711812011e+01,1.282210092243590771e+04
4.842857142854665398e+01,4.074170946533972710e+03
4.849999999997518785e+01,1.053541083971668195e+04
4.857142857140372172e+01,8.024666591981042984e+03
4.864285714283225559e+01,1.636767225097487426e+04
4.871428571426078946e+01,1.432600128872257665e+04
4.878571428568932333e+01,2.379534281304039905e+04
4.885714285711786431e+01,1.107856737830475322e+04
4.892857142854639818e+01,1.336593358111969246e+04
4.899999999997493205e+01,9.197499602396490445e+03
4.907142857140346592e+01,6.392685784310951021e+03
4.914285714283199979e+01,6.998517471424359428e+03
4.921428571426053367e+01,1.638619168447741686e+04
4.928571428568906754e+01,1.798555338347017459e+04
4.935714285711760851e+01,1.828483955051119847e+04
4.942857142854614239e+01,1.492387851870929080e+04
4.949999999997467626e+01,1.266715356395203708e+04
4.957142857140321013e+01,1.384643938901223555e+04
4.964285714283174400e+01,9.251057357447880349e+03
4.971428571426027787e+01,2.859371209519822514e+03
4.978571428568881174e+01,1.021673698149275151e+04
4.985714285711735272e+01,2.618973095233870481e+03
4.992857142854588659e+01,1.851898257508529787e+04
4.999999999997442046e+01,1.507474961406713919e+04
5.007142857140295433e+01,3.059789375898572325e+04
5.014285714283148820e+01,1.018409320824496353e+04
5.021428571426002208e+01,1.052874569844567850e+04
5.028571428568855595e+01,7.037068180105883584e+03
5.035714285711709692e+01,7.133533744785241652e+03
5.042857142854563079e+01,1.667958966885279733e+04
5.049999999997416467e+01,1.200189606480939437e+04
5.057142857140269854e+01,6.894045781660292050e+03
5.064285714283123241e+01,7.083587141233685543e+03
5.071428571425976628e+01,6.965092711409074582e+03
5.078571428568830015e+01,1.047301843375265526e+04
5.085714285711684113e+01,1.091171260617521511e+04
5.092857142854537500e+01,1.222229639559655334e+04
5.099999999997390887e+01,1.463117615872186252e+04
5.107142857140244274e+01,1.886747883439585348e+04
5.114285714283097661e+01,1.592341621740205483e+04
5.121428571425951048e+01,7.264700413426585328e+03
5.128571428568804436e+01,4.796490576730498105e+03
5.135714285711658533e+01,9.561360231688784552e+03
5.142857142854511920e+01,1.245819968025969683e+04
5.149999999997365308e+01,7.280351013963351761e+03
5.157142857140218695e+01,8.962392289044715653e+03
5.164285714283072082e+01,1.524119850121995478e+04
5.171428571425925469e+01,4.236753693096899951e+03
5.178571428568778856e+01,1.461212249250643072e+04
5.185714285711632954e+01,1.697002202670402767e+04
5.192857142854486341e+01,1.128580802270920140e+04
5.199999999997339728e+01,1.329183091204411357e+04
5.207142857140193115e+01,1.223671960231414960e+04
5.214285714283046502e+01,7.106363613028302098e+03
5.221428571425899889e+01,1.717585146763760349e+04
5.228571428568753277e+01,9.946743037053642183e+03
5.235714285711607374e+01,1.151923964953288123e+04
5.242857142854460761e+01,4.409740063251601896e+03
5.249999999997314148e+01,8.401788792936504251e+03
5.257142857140167536e+01,1.075775887021140443e+04
5.264285714283020923e+01,1.106814095474459646e+04
5.271428571425874310e+01,1.137980477204152703e+04
5.278571428568727697e+01,1.228803815813354777e+04
5.285714285711581795e+01,1.537664752264116032e+04
5.292857142854435182e+01,8.718243433916788490e+03
5.299999999997288569e+01,1.414676476548405662e+04
5.307142857140141956e+01,7.161080599082984008e+03
5.314285714282995343e+01,6.179947199199236820e+03
5.321428571425848730e+01,4.186130521337491700e+03
5.328571428568702117e+01,7.420554572824628849e+03
5.335714285711556215e+01,5.674308939380069205e+03
5.342857142854409602e+01,1.213016035023213044e+04
5.349999999997262989e+01,2.400058183585292227e+03
5.357142857140116377e+01,7.915215548212278918e+03
5.364285714282969764e+01,1.031383793934679488e+04
5.371428571425823151e+01,1.430633397794170742e+04
5.378571428568676538e+01,6.468788547225291040e+03
5.385714285711530636e+01,4.717518572533482256e+03
5.392857142854384023e+01,1.010398910468782378e+04
5.399999999997237410e+01,7.567299860823665767e+03
5.407142857140090797e+01,3.175915177676964504e+03
5.414285714282944184e+01,9.092257305687640837e+03
5.421428571425797571e+01,5.283833673295947847e+03
5.428571428568650958e+01,1.362435272973629435e+04
5.435714285711505056e+01,1.445853432583675021e+04
5.442857142854358443e+01,1.632570016094109815e+04
5.449999999997211830e+01,1.080095979303884997e+04
5.457142857140065217e+01,1.385376000935155753e+04
5.464285714282918605e+01,3.850659494757609536e+03
5.471428571425771992e+01,1.153612980625954333e+04
5.478571428568625379e+01,6.487971145719085143e+03
5.485714285711479477e+01,1.714701872816197283e+04
5.492857142854332864e+01,8.412810092733168858e+03
5.499999999997186251e+01,1.926619584459035468e+04
5.507142857140039638e+01,7.036978753474557379e+03
5.514285714282893025e+01,7.365830283762750696e+03
5.521428571425746412e+01,4.830564529160710663e+03
5.528571428568599799e+01,9.510989404460615333e+03
5.535714285711453186e+01,5.950808682558077635e+03
5.542857142854307284e+01,5.861215687353992507e+03
5.549999999997160671e+01,2.246347819632797473e+04
5.557142857140014058e+01,6.692230364288402598e+03
5.564285714282867445e+01,1.168520093345106943e+04
5.571428571425720833e+01,8.107641070247816060e+03
5.578571428568574220e+01,1.577447927695875296e+04
5.585714285711427607e+01,1.357714003883918849e+04
5.592857142854281705e+01,7.203435985272260041e+03
5.599999999997135092e+01,4.715426579010899331e+03
5.607142857139988479e+01,7.160328059260385089e+03
5.614285714282841866e+01,1.751601944482655745e+04
5.621428571425695253e+01,1.528963081150868675e+04
5.628571428568548640e+01,2.230019956829890361e+04
5.635714285711402027e+01,5.664268841525928110e+03
5.642857142854256125e+01,9.953050108571467717e+03
5.649999999997109512e+01,1.231311523172380657e+04
5.657142857139962899e+01,4.841652120827663566e+03
5.664285714282816286e+01,2.013115381005673407e+04
5.671428571425669674e+01,5.928981292767613922e+03
5.678571428568523061e+01,2.979948653909259065e+03
5.685714285711376448e+01,3.015208523438856446e+03
5.692857142854230545e+01,1.117156625717202587e+04
5.699999999997083933e+01,8.470581789324231067e+03
5.707142857139937320e+01,6.957165692003471122e+03
5.714285714282790707e+01,4.251666140596278638e+03
5.721428571425644094e+01,4.640601710563096276e+03
5.728571428568497481e+01,1.375057196780395498e+04
5.735714285711350868e+01,6.138408655275555247e+03
5.742857142854204966e+01,1.524002402791452732e+04
5.749999999997058353e+01,7.514996113118028916e+03
5.757142857139911740e+01,6.168863770520880280e+03
5.764285714282765127e+01,1.328215873304139495e+04
5.771428571425618514e+01,4.979216764508793858e+03
5.778571428568471902e+01,3.441356877802260897e+03
5.785714285711325289e+01,4.393459572350089729e+03
5.792857142854179386e+01,9.315074887372607918e+03
5.799999999997032774e+01,4.409267952977856112e+03
5.807142857139886161e+01,5.426524698561104742e+03
5.814285714282739548e+01,4.758952307282016591e+03
5.821428571425592935e+01,5.916343867550729556e+03
5.828571428568446322e+01,4.600608238612650894e+03
5.835714285711299709e+01,1.306523486454447084e+04
5.842857142854153807e+01,1.258932208546629408e+04
5.849999999997007194e+01,1.421075419086460533e+04
5.857142857139860581e+01,8.810393444069544785e+03
5.864285714282713968e+01,5.008786050500800229e+03
5.871428571425567355e+01,7.022384649141538830e+03
5.878571428568420743e+01,1.871117535642160510e+04
5.885714285711274130e+01,7.014510727503166891e+03
5.892857142854128227e+01,1.540642308876723291e+04
5.899999999996981614e+01,4.521739813064838927e+03
5.907142857139835002e+01,3.591316746661588240e+03
5.914285714282688389e+01,2.589871904954698039e+03
5.921428571425541776e+01,6.045652030446832214e+03
5.928571428568395163e+01,1.275617161369967471e+04
5.935714285711248550e+01,1.740245770571064349e+04
5.942857142854102648e+01,5.281045930983106700e+03
5.949999999996956035e+01,1.300257336680735898e+04
5.957142857139809422e+01,6.687412085142206706e+03
5.964285714282662809e+01,8.204360763225327901e+03
5.971428571425516196e+01,8.983399337204009498e+03
5.978571428568369583e+01,9.506154364898429776e+03
5.985714285711222971e+01,1.463321591307820199e+04
5.992857142854077068e+01,9.268009936078280589e+03
5.999999999996930455e+01,4.578474230280909978e+03
6.007142857139783843e+01,1.146717011994378299e+04
6.014285714282637230e+01,1.092183544466253625e+04
6.021428571425490617e+01,1.088349413428156549e+04
6.028571428568344004e+01,8.147467123999497744e+03
6.035714285711197391e+01,1.039323592077897410e+04
6.042857142854051489e+01,3.762350979040528273e+03
6.049999999996904876e+01,4.366546443722265394e+03
6.057142857139758263e+01,3.493082706210568176e+03
6.064285714282611650e+01,4.620603178918814592e+03
6.071428571425465037e+01,9.450734698947228026e+03
6.078571428568318424e+01,9.565256986765289184e+03
6.085714285711171811e+01,1.231291533321669885e+04
6.092857142854025909e+01,2.705334592586935742e+03
6.099999999996879296e+01,7.887985400587156619e+03
6.107142857139732683e+01,4.088271510231164029e+03
6.114285714282586071e+01,9.863916653020018202e+03
6.121428571425439458e+01,5.144345821304752462e+03
6.128571428568292845e+01,8.796525357227224958e+03
6.135714285711146232e+01,6.551253765114787711e+03
6.142857142854000330e+01,6.728732365677038615e+03
6.149999999996853717e+01,6.909655353231607478e+03
6.157142857139707104e+01,5.675893123933810784e+03
6.164285714282560491e+01,1.251280349603563627e+04
6.171428571425413878e+01,1.193403033289321684e+04
6.178571428568267265e+01,7.254399837973362082e+03
6.185714285711120652e+01,1.032293005198463288e+04
6.192857142853974750e+01,6.856210481118119787e+03
6.199999999996828137e+01,4.596110026593360089e+03
6.207142857139681524e+01,1.200096062478674139e+04
6.214285714282534911e+01,3.345636625867783096e+03
6.221428571425388299e+01,6.902555184133071634e+03
6.228571428568241686e+01,1.385539208328076711e+04
6.235714285711095073e+01,6.182457080154475989e+03
6.242857142853949171e+01,7.314970839449715641e+03
6.249999999996802558e+01,8.143413966733895904e+03
6.257142857139655945e+01,6.497268056853625239e+03
6.264285714282509332e+01,1.563440162029464045e+04
6.271428571425362719e+01,1.262256118662934205e+04
6.278571428568216106e+01,5.899299637899563095e+03
6.285714285711069493e+01,9.161017705715614284e+03
6.292857142853923591e+01,7.885644765910199567e+03
6.299999999996776978e+01,9.815838685003509454e+03
6.307142857139630365e+01,7.214469332467190725e+03
6.314285714282483752e+01,1.171791015532809797e+04
6.321428571425337140e+01,9.315634608359097911e+03
6.328571428568190527e+01,6.075403188131018396e+03
6.335714285711043914e+01,8.229770497215384239e+03
6.342857142853898011e+01,1.052602890316750927e+04
6.349999999996751399e+01,1.022887842547076434e+04
6.357142857139604786e+01,1.432077487139030563e+04
6.364285714282458173e+01,1.124275683327694060e+04
6.371428571425311560e+01,8.572981541552209819e+03
6.378571428568164947e+01,1.700255600861566199e+04
6.385714285711018334e+01,3.139166240567260957e+03
6.392857142853872432e+01,3.860995371326991972e+03
6.399999999996725819e+01,1.132162320590273339e+04
6.407142857139578496e+01,1.639444369517661835e+04
6.414285714282432593e+01,7.113703988622553879e+03
6.421428571425286691e+01,1.793197535535104180e+04
6.428571428568139368e+01,3.019240020730018387e+03
6.435714285710993465e+01,7.046608096779095831e+03
6.442857142853846142e+01,7.549896660508783498e+03
6.449999999996700240e+01,6.972915487592231329e+03
6.457142857139552916e+01,6.698991936211433313e+03
6.464285714282407014e+01,5.368575478991530872e+03
6.471428571425261111e+01,3.127318873040527251e+03
6.478571428568113788e+01,3.500386203124588519e+03
6.485714285710967886e+01,5.819518460830931872e+03
6.492857142853820562e+01,7.418455332983161497e+03
6.499999999996674660e+01,6.926375461313898995e+03
6.507142857139527337e+01,4.626135463882181284e+03
6.514285714282381434e+01,2.360986444868541184e+03
6.521428571425235532e+01,3.331151986092828338e+03
6.528571428568088209e+01,3.029145650986587043e+03
6.535714285710942306e+01,2.733780382074457066e+03
6.542857142853794983e+01,7.827285633380766740e+03
6.549999999996649080e+01,7.915611483003413923e+03
6.557142857139501757e+01,7.614941498936186690e+03
6.564285714282355855e+01,7.596991635434750606e+03
6.571428571425209952e+01,6.228434752662532446e+03
6.578571428568062629e+01,3.875251962376440588e+03
6.585714285710916727e+01,3.765406921833052820e+03
6.592857142853769403e+01,7.539455222317666085e+03
6.599999999996623501e+01,6.723848681068651786e+03
6.607142857139476178e+01,2.352186365036184725e+03
6.614285714282330275e+01,6.533140829461295652e+03
6.621428571425184373e+01,6.583344241843684358e+03
6.628571428568037049e+01,9.797467983483653370e+03
6.635714285710891147e+01,5.915467656510241795e+03
6.642857142853743824e+01,5.298524678295947524e+03
6.649999999996597921e+01,8.067188916946379322e+03
6.657142857139450598e+01,7.968202694476172837e+03
6.664285714282304696e+01,3.315950836337834971e+03
6.671428571425158793e+01,3.689682010546586298e+03
6.678571428568011470e+01,8.176085652943224886e+03
6.685714285710865568e+01,1.060394749983849943e+04
6.692857142853718244e+01,8.333317270922178068e+03
6.699999999996572342e+01,6.778263395946569290e+03
6.707142857139425018e+01,1.099723000594426048e+04
6.714285714282279116e+01,3.935449077406176912e+03
6.721428571425133214e+01,1.999647910767014992e+03
6.728571428567985890e+01,2.919175525799957541e+03
6.735714285710839988e+01,6.300988754172113659e+03
6.742857142853692665e+01,7.676218339878445477e+03
6.749999999996546762e+01,6.300432838883208206e+03
6.757142857139399439e+01,6.813207924576593541e+03
6.764285714282253537e+01,6.679844632889855347e+03
6.771428571425107634e+01,9.131411129591044300e+03
6.778571428567960311e+01,4.005537559592609341e+03
6.785714285710814409e+01,9.225519327680494825e+03
6.792857142853667085e+01,4.631554932708436354e+03
6.799999999996521183e+01,7.795506758621462723e+03
6.807142857139373859e+01,5.475272963191167946e+03
6.814285714282227957e+01,8.678813860455369650e+03
6.821428571425082055e+01,7.172419415898516490e+03
6.828571428567934731e+01,6.232372987854080748e+03
6.835714285710788829e+01,8.901555875055302749e+03
6.842857142853641506e+01,9.339914550125227834e+03
6.849999999996495603e+01,2.618721852672182195e+03
6.857142857139348280e+01,3.251528095608702188e+03
6.864285714282202377e+01,1.885107596530506498e+03
6.871428571425056475e+01,6.844034972128037225e+03
6.878571428567909152e+01,6.098908529752306094e+03
6.885714285710763249e+01,7.966616129724343409e+03
6.892857142853615926e+01,8.687678254220723829e+03
6.899999999996470024e+01,8.132415118228892425e+03
6.907142857139322700e+01,9.604910181247669243e+03
6.914285714282176798e+01,5.137420514988719333e+03
6.921428571425030896e+01,4.490011818533143924e+03
6.928571428567883572e+01,6.282480434108159898e+03
6.935714285710737670e+01,3.913483832938301930e+03
6.942857142853590346e+01,2.591321188578061992e+03
6.949999999996444444e+01,4.857546046949508309e+03
6.957142857139297121e+01,6.003339095360829560e+03
6.964285714282151218e+01,5.500163958940256634e+03
6.971428571425005316e+01,4.201772718417559190e+03
6.978571428567857993e+01,5.923905364212849236e+03
6.985714285710712090e+01,3.777759931141945344e+03
6.992857142853564767e+01,8.358944397083554577e+03
6.999999999996418865e+01,1.413848052408931835e+03
7.007142857139271541e+01,7.678234083838622610e+03
7.014285714282125639e+01,5.876106643721261207e+03
7.021428571424979737e+01,8.720936384146059936e+03
7.028571428567832413e+01,6.614625908158511265e+03
7.035714285710686511e+01,1.178607434088999253e+04
7.042857142853539187e+01,3.186402974422495845e+03
7.049999999996393285e+01,1.105285442327302553e+04
7.057142857139245962e+01,3.749216745710505165e+03
7.064285714282100059e+01,6.556616501763694941e+03
7.071428571424954157e+01,5.849028235055248842e+03
7.078571428567806834e+01,7.849999720489812717e+03
7.085714285710660931e+01,3.578587676497802931e+03
7.092857142853513608e+01,6.154538653898137454e+03
7.099999999996367706e+01,8.414736723987347432e+03
7.107142857139220382e+01,3.481918714583974179e+03
7.114285714282074480e+01,7.715716748282143271e+03
7.121428571424928577e+01,3.684740455546199428e+03
7.128571428567781254e+01,2.327541824305862974e+03
7.135714285710635352e+01,3.251143456342725585e+03
7.142857142853488028e+01,5.804415255539337522e+03
7.149999999996342126e+01,4.864885694963431888e+03
7.157142857139194803e+01,7.372480744261239124e+03
7.164285714282048900e+01,9.417630215418907028e+03
7.171428571424902998e+01,1.092561324463506753e+04
7.178571428567755675e+01,7.859525919905157025e+03
7.185714285710609772e+01,4.514413984047503618e+03
7.192857142853462449e+01,5.320665690861500480e+03
7.199999999996316546e+01,6.230330347648154202e+03
7.207142857139169223e+01,5.255597026969420767e+03
7.214285714282023321e+01,3.325070184475118822e+03
7.221428571424877418e+01,2.074492608342962740e+03
7.228571428567730095e+01,6.130926114350425451e+03
7.235714285710584193e+01,8.936700753744593385e+03
7.242857142853436869e+01,6.758510131623332200e+03
7.249999999996290967e+01,2.322386519980354024e+03
7.257142857139143644e+01,5.217578247128440125e+03
7.264285714281997741e+01,5.541443528319807228e+03
7.271428571424851839e+01,1.920117106298711178e+03
7.278571428567704515e+01,2.503915783607605135e+03
7.285714285710558613e+01,8.630874313860980692e+03
7.292857142853411290e+01,1.008162489142455888e+04
7.299999999996265387e+01,8.086679269811138511e+03
7.307142857139118064e+01,1.029214105518026372e+04
7.314285714281972162e+01,3.399464643602248088e+03
7.321428571424826259e+01,1.939228192476125741e+03
7.328571428567678936e+01,4.815837620164664258e+03
7.335714285710533034e+01,6.629784890283519417e+03
7.342857142853385710e+01,6.182480994148189893e+03
7.349999999996239808e+01,7.444986345777429960e+03
7.357142857139092484e+01,7.520179820232179736e+03
7.364285714281946582e+01,5.330800188583263662e+03
7.371428571424800680e+01,1.061203550363708018e+04
7.378571428567653356e+01,6.672706981082525090e+03
7.385714285710507454e+01,7.458846727374763759e+03
7.392857142853360131e+01,2.405843763471279090e+03
7.399999999996214228e+01,5.627186708781960988e+03
7.407142857139066905e+01,2.427977731266160390e+03
7.414285714281921003e+01,4.739308615129922146e+03
7.421428571424775100e+01,7.304571169805760292e+03
7.428571428567627777e+01,5.061766102258917272e+03
7.435714285710481875e+01,3.721689107201921615e+03
7.442857142853334551e+01,8.368855905277425336e+03
7.449999999996188649e+01,5.265196311718655124e+03
7.457142857139041325e+01,4.850634316910132839e+03
7.464285714281895423e+01,2.941545939371813802e+03
7.471428571424749521e+01,7.049460502350494608e+03
7.478571428567602197e+01,5.083543057910214884e+03
7.485714285710456295e+01,6.970831823094716128e+03
7.492857142853308972e+01,7.522459297912137117e+03
7.499999999996163069e+01,5.896574217571917870e+03
7.507142857139015746e+01,3.444939584571451178e+03
7.514285714281869843e+01,3.510665563974161614e+03
7.521428571424723941e+01,4.983763743927748692e+03
7.528571428567576618e+01,3.257069928745541347e+03
7.535714285710430715e+01,4.531300835297412050e+03
7.542857142853283392e+01,7.437838164581564342e+03
7.549999999996137490e+01,5.304030335943712089e+03
7.557142857138990166e+01,4.062846486594202815e+03
7.564285714281844264e+01,4.596870916947826117e+03
7.571428571424698362e+01,5.470105702024342463e+03
7.578571428567551038e+01,4.816024147344912308e+03
7.585714285710405136e+01,4.489488185467393123e+03
7.592857142853257812e+01,4.632774976151624287e+03
7.599999999996111910e+01,9.248182492254960380e+03
7.607142857138964587e+01,2.481356170635592662e+03
7.614285714281818684e+01,4.565891180806649572e+03
7.621428571424672782e+01,3.660630020767120641e+03
7.628571428567525459e+01,3.803396956533590583e+03
7.635714285710379556e+01,5.409919458179275352e+03
7.642857142853232233e+01,4.143778243785193808e+03
7.649999999996086331e+01,5.531510259148396472e+03
7.657142857138939007e+01,2.263733745631096099e+03
7.664285714281793105e+01,5.487738934509702631e+03
7.671428571424647203e+01,3.543256499247006559e+03
7.678571428567499879e+01,5.492673548615251093e+03
7.685714285710353977e+01,5.085367000935146280e+03
7.692857142853206653e+01,3.239967208462548115e+03
7.699999999996060751e+01,3.979801448856916068e+03
7.707142857138913428e+01,4.662099056393884894e+03
7.714285714281767525e+01,8.030712078584675510e+03
7.721428571424621623e+01,3.560970418285706273e+03
7.728571428567474300e+01,3.617901925426393063e+03
7.735714285710328397e+01,4.886548303517223758e+03
7.742857142853181074e+01,6.142453812262247993e+03
7.749999999996035172e+01,4.926783470372116426e+03
7.757142857138887848e+01,4.797852066509820361e+03
7.764285714281741946e+01,5.833151101447980182e+03
7.771428571424596043e+01,3.655208857556602652e+03
7.778571428567448720e+01,3.752686958194097315e+03
7.785714285710302818e+01,3.856946033174237527e+03
7.792857142853155494e+01,9.459824596160180590e+03
7.799999999996009592e+01,1.266821306458415847e+03
7.807142857138862269e+01,5.472788541758823158e+03
7.814285714281716366e+01,6.591375432171001194e+03
7.821428571424570464e+01,6.994849697168969215e+03
7.828571428567423141e+01,4.313031826209931751e+03
7.835714285710277238e+01,7.725075087123706908e+03
7.842857142853129915e+01,6.004142698002717225e+03
7.849999999995984012e+01,5.369128231612744457e+03
7.857142857138836689e+01,8.606400468861793343e+03
7.864285714281690787e+01,5.445710711279372845e+03
7.871428571424544884e+01,5.331577834386825089e+03
7.878571428567397561e+01,3.547662737039588137e+03
7.885714285710251659e+01,4.760012671393636083e+03
7.892857142853104335e+01,3.356691752160100805e+03
7.899999999995958433e+01,5.519382386465029413e+03
7.907142857138811110e+01,3.197338128544013671e+03
7.914285714281665207e+01,5.369943656593764899e+03
7.921428571424519305e+01,3.459947161504638643e+03
7.928571428567371981e+01,2.345961568269843156e+03
7.935714285710226079e+01,5.595084984711449579e+03
7.942857142853078756e+01,3.014665128434649887e+03
7.949999999995932853e+01,5.170727573787037727e+03
7.957142857138785530e+01,6.027283071172500058e+03
7.964285714281639628e+01,6.028790438761096993e+03
7.971428571424493725e+01,3.656461077308375479e+03
7.978571428567346402e+01,5.044181101028718331e+03
7.985714285710200500e+01,5.202491035895706773e+03
7.992857142853053176e+01,6.577922490225307229e+03
7.999999999995907274e+01,3.559424163373637839e+03
8.007142857138759950e+01,7.717180119146501056e+03
8.014285714281614048e+01,5.213450831221497538e+03
8.021428571424468146e+01,7.048665525572853767e+03
8.028571428567320822e+01,4.765910200328287829e+03
8.035714285710174920e+01,3.754658056167579616e+03
8.042857142853027597e+01,6.883221719407127239e+03
8.049999999995881694e+01,5.225906144091172791e+03
8.057142857138734371e+01,5.721907750750165178e+03
8.064285714281588469e+01,5.131447404911667945e+03
8.071428571424442566e+01,7.191331036187236350e+03
8.078571428567295243e+01,3.552718411830178411e+03
8.085714285710149341e+01,6.092449206393300301e+03
8.092857142853002017e+01,9.101990838123656431e+03
8.099999999995856115e+01,6.077166949894794925e+03
8.107142857138708791e+01,5.546451522149609445e+03
8.114285714281562889e+01,4.754730432731506880e+03
8.121428571424416987e+01,5.155111702146124117e+03
8.128571428567269663e+01,2.730797619355373172e+03
8.135714285710123761e+01,4.441283797641573983e+03
8.142857142852976438e+01,3.987086125867046121e+03
8.149999999995830535e+01,7.799909669021496484e+03
8.157142857138683212e+01,4.645240741228985826e+03
8.164285714281537309e+01,4.368745265331093833e+03
8.171428571424391407e+01,5.181566742134379638e+03
8.178571428567244084e+01,9.401391095661832878e+03
8.185714285710098181e+01,2.352173711316534536e+03
8.192857142852950858e+01,5.910885800123360241e+03
8.199999999995804956e+01,7.419390497081360991e+03
8.207142857138657632e+01,5.570745803399369834e+03
8.214285714281511730e+01,6.752979441636089177e+03
8.221428571424365828e+01,3.620964188514528360e+03
8.228571428567218504e+01,5.618284360199775620e+03
8.235714285710072602e+01,8.184372698425118870e+03
8.242857142852925278e+01,5.146609319887784295e+03
8.249999999995779376e+01,5.434368434059107130e+03
8.257142857138632053e+01,6.672559491773507943e+03
8.264285714281486150e+01,3.622569326409654423e+03
8.271428571424340248e+01,3.280253190310720129e+03
8.278571428567192925e+01,4.155654491280626644e+03
8.285714285710047022e+01,6.581401111339127965e+03
8.292857142852899699e+01,6.787996448535317541e+03
8.299999999995753797e+01,3.563548964875864840e+03
8.307142857138606473e+01,2.635273006032682133e+03
8.314285714281460571e+01,3.816645407072858688e+03
8.321428571424314669e+01,2.693697125345751374e+03
8.328571428567167345e+01,3.830864254650665316e+03
8.335714285710021443e+01,4.810557916943518649e+03
8.342857142852874119e+01,6.869708217904127196e+03
8.349999999995728217e+01,2.427937450630544390e+03
8.357142857138580894e+01,4.215698761442373325e+03
8.364285714281434991e+01,3.729342867883004146e+03
8.371428571424289089e+01,1.036989079242713524e+04
8.378571428567141766e+01,4.546753546617170286e+03
8.385714285709995863e+01,7.310605352159725953e+03
8.392857142852848540e+01,2.703494067647836800e+03
8.399999999995702638e+01,4.266128506763976475e+03
8.407142857138555314e+01,5.148235127864392780e+03
8.414285714281409412e+01,5.192574479296981735e+03
8.421428571424263509e+01,6.084506469617310358e+03
8.428571428567116186e+01,5.591457579414842257e+03
8.435714285709970284e+01,5.262834478839538860e+03
8.442857142852822960e+01,4.892007624607456819e+03
8.449999999995677058e+01,5.741088323663046140e+03
8.457142857138529735e+01,4.543165745672239609e+03
8.464285714281383832e+01,6.143370163042013701e+03
8.471428571424237930e+01,3.744840685907323405e+03
8.478571428567090607e+01,3.557841356135453680e+03
8.485714285709944704e+01,6.377118370078133012e+03
8.492857142852797381e+01,4.010886237677902045e+03
8.499999999995651478e+01,2.901236497602870259e+03
8.507142857138504155e+01,4.123485034730293592e+03
8.514285714281358253e+01,4.163122811081056170e+03
8.521428571424212350e+01,5.009149076956200588e+03
8.528571428567065027e+01,9.128849209489519126e+03
8.535714285709919125e+01,2.827563246655756302e+03
8.542857142852771801e+01,7.023747877120642443e+03
8.549999999995625899e+01,7.307840989751304733e+03
8.557142857138478576e+01,4.022028592438702617e+03
8.564285714281332673e+01,1.052974442837597053e+04
8.571428571424186771e+01,6.335287785071654980e+03
8.578571428567039447e+01,6.173503188659550688e+03
8.585714285709893545e+01,5.618774379445821978e+03
8.592857142852746222e+01,9.379621804926815457e+03
8.599999999995600319e+01,4.030669371277755090e+03
8.607142857138452996e+01,4.615650214976236384e+03
8.614285714281307094e+01,3.514356838780703583e+03
8.621428571424161191e+01,6.845763659610191098e+03
8.628571428567013868e+01,4.364576924183477786e+03
8.635714285709867966e+01,6.507098281753887022e+03
8.642857142852720642e+01,4.137749032540256849e+03
8.649999999995574740e+01,5.908214778598318844e+03
8.657142857138427416e+01,2.690871581863416850e+03
8.664285714281281514e+01,9.018764150565459204e+03
8.671428571424135612e+01,2.456885952559412999e+03
8.678571428566988288e+01,7.630375732192243049e+03
8.685714285709842386e+01,2.050151842799832593e+03
8.692857142852695063e+01,1.621163593332604023e+03
8.699999999995549160e+01,3.321344658152481770e+03
8.707142857138401837e+01,8.740790025944599620e+03
8.714285714281255935e+01,4.413481032161244912e+03
8.721428571424110032e+01,5.718445318458393558e+03
8.728571428566962709e+01,3.051748517490834729e+03
8.735714285709816807e+01,3.784882788298662490e+03
8.742857142852669483e+01,5.733224205514509777e+03
8.749999999995523581e+01,3.811640013316400200e+03
8.757142857138376257e+01,1.308396679453224715e+04
8.764285714281230355e+01,5.012706907680365475e+03
8.771428571424084453e+01,5.134376102228399759e+03
8.778571428566937129e+01,2.868405329522554894e+03
8.785714285709791227e+01,9.253217162768476555e+03
8.792857142852643904e+01,6.713396896330317759e+03
8.799999999995498001e+01,7.778893679080194488e+03
8.807142857138350678e+01,4.969569992888800698e+03
8.814285714281204775e+01,6.792502499538014490e+03
8.821428571424058873e+01,5.090202269692365007e+03
8.828571428566911550e+01,8.483735879931500676e+03
8.835714285709765647e+01,3.089228712268752133e+03
8.842857142852618324e+01,6.128531917433719173e+03
8.849999999995472422e+01,4.325229458451327446e+03
8.857142857138325098e+01,1.507683558411242302e+04
8.864285714281179196e+01,3.699358323932931853e+03
8.871428571424033294e+01,5.938664063223085577e+03
8.878571428566885970e+01,2.290649998156528909e+03
8.885714285709740068e+01,8.480347306463232599e+03
8.892857142852592744e+01,1.035064694396195591e+04
8.899999999995446842e+01,1.138660007589662200e+04
8.907142857138299519e+01,7.276027503338832503e+03
8.914285714281153616e+01,9.350036051394325114e+03
8.921428571424007714e+01,9.029276310588214983e+03
8.928571428566860391e+01,1.439732315967026352e+03
8.935714285709714488e+01,4.255449221357431270e+03
8.942857142852567165e+01,5.777630811775678922e+03
8.949999999995421263e+01,7.408269516821171237e+03
8.957142857138273939e+01,3.166509533674285194e+03
8.964285714281128037e+01,3.139902209893969484e+03
8.971428571423982135e+01,1.536597059056701437e+04
8.978571428566834811e+01,7.031966215356826069e+03
8.985714285709688909e+01,3.058608094806341796e+03
8.992857142852541585e+01,1.705149926756909281e+03
8.999999999995395683e+01,7.831427773675315620e+03
9.007142857138248360e+01,5.551722864452843169e+03
9.014285714281102457e+01,8.629565444945894342e+03
9.021428571423956555e+01,2.014559451689948673e+03
9.028571428566809232e+01,6.726879829588999200e+03
9.035714285709663329e+01,2.131961601902251005e+03
9.042857142852516006e+01,4.699934168122742449e+03
9.049999999995370104e+01,6.750910743613290833e+03
9.057142857138222780e+01,8.800338603335054358e+03
9.064285714281076878e+01,3.554087860293212998e+03
9.071428571423930975e+01,4.591443272780192274e+03
9.078571428566783652e+01,4.574840760092703022e+03
9.085714285709637750e+01,1.343265298314853453e+03
9.092857142852490426e+01,4.468285366962796616e+03
9.099999999995344524e+01,4.720229236954051885e+03
9.107142857138197201e+01,5.194901603547485138e+03
9.114285714281051298e+01,3.270287473035506537e+03
9.121428571423905396e+01,5.101698809830447317e+03
9.128571428566758073e+01,3.408217559579944464e+03
9.135714285709612170e+01,6.202056274776299688e+03
9.142857142852464847e+01,2.956259901678636197e+03
9.149999999995318944e+01,3.684705212307172133e+03
9.157142857138171621e+01,6.171863879393501520e+03
9.164285714281025719e+01,1.622080356942268008e+04
9.171428571423879816e+01,1.180998528383334133e+03
9.178571428566732493e+01,9.956075877362181927e+03
9.185714285709586591e+01,1.008995904826192782e+04
9.192857142852439267e+01,1.456321410087117874e+04
9.199999999995293365e+01,9.097063165070776449e+03
9.207142857138146042e+01,4.790526705830293395e+03
9.214285714281000139e+01,1.187714024485989466e+04
9.221428571423854237e+01,1.048976597117880738e+04
9.228571428566706913e+01,6.076518449699164194e+03
9.235714285709561011e+01,5.983346259039270080e+03
9.242857142852413688e+01,9.049217811023632748e+03
9.249999999995267785e+01,1.254828969076724024e+04
9.257142857138120462e+01,7.418267776198350703e+02
9.264285714280974560e+01,2.545038304160675125e+03
9.271428571423828657e+01,2.404082221045349343e+03
9.278571428566681334e+01,8.752294572235581654e+03
9.285714285709535432e+01,1.083700974806355043e+04
9.292857142852388108e+01,4.118621669276802095e+03
9.299999999995242206e+01,2.206958431369917889e+03
9.307142857138094882e+01,1.144375912970980789e+04
9.314285714280948980e+01,5.579752318555347301e+03
9.321428571423803078e+01,6.967274670584743944e+03
9.328571428566655754e+01,8.716974216271586556e+03
9.335714285709509852e+01,1.469407756655718549e+04
9.342857142852362529e+01,3.435475621390432934e+03
9.349999999995216626e+01,4.364097506040533517e+03
9.357142857138069303e+01,1.356638330665455214e+04
9.364285714280923401e+01,7.348037520353032050e+03
9.371428571423777498e+01,5.372190924322101637e+03
9.378571428566630175e+01,6.860180814981985350e+03
9.385714285709484273e+01,5.622326500040289829e+03
9.392857142852336949e+01,1.008747638123827528e+04
9.399999999995191047e+01,1.028982792225052981e+04
9.407142857138043723e+01,9.246212755494094381e+03
9.414285714280897821e+01,4.717920128205345463e+03
9.421428571423751919e+01,1.038746659669381734e+04
9.428571428566604595e+01,2.610911993964641169e+03
9.435714285709458693e+01,1.246195934373857881e+03
9.442857142852311370e+01,1.165213636015084148e+03
9.449999999995165467e+01,3.794406844486294176e+03
9.457142857138018144e+01,7.555339048564175755e+03
9.464285714280872241e+01,3.197246965272702710e+03
9.471428571423726339e+01,7.261130726266121201e+03
9.478571428566579016e+01,9.899090692350528116e+03
9.485714285709433113e+01,5.632896134680138857e+03
9.492857142852285790e+01,3.141074949301284960e+03
9.499999999995139888e+01,3.698779085001092426e+03
9.507142857137992564e+01,5.946231501509943882e+03
9.514285714280846662e+01,5.639797001417522551e+03
9.521428571423700760e+01,7.578820319095468676e+02
9.528571428566553436e+01,1.329017454423594063e+04
9.535714285709407534e+01,4.156911517035381621e+03
9.542857142852260210e+01,1.137543225550012357e+04
9.549999999995114308e+01,4.179167655976027163e+03
9.557142857137966985e+01,1.032449739164305174e+04
9.564285714280821082e+01,3.277123394878751242e+03
9.571428571423675180e+01,8.464409318952948524e+03
9.578571428566527857e+01,1.823481250867065455e+03
9.585714285709381954e+01,7.711937892695668779e+03
9.592857142852234631e+01,5.927910539180124033e+03
9.599999999995088729e+01,6.993664054933447915e+03
9.607142857137941405e+01,3.422621890973109203e+03
9.614285714280795503e+01,6.505409460372823560e+03
9.621428571423649601e+01,5.483332483045543086e+03
9.628571428566502277e+01,7.626679043976782850e+03
9.635714285709356375e+01,1.111357245689586307e+03
9.642857142852209051e+01,1.185935758480463301e+04
9.649999999995063149e+01,2.016480997688063098e+03
9.657142857137915826e+01,2.244125862564213094e+03
9.664285714280769923e+01,1.039942006541917181e+03
9.671428571423624021e+01,7.086381222369048373e+03
9.678571428566476698e+01,2.016122794520822936e+03
9.685714285709330795e+01,1.067266977235249033e+04
9.692857142852183472e+01,7.054348857541263897e+03
9.699999999995037570e+01,1.236832028576879202e+04
9.707142857137890246e+01,4.617836899477779298e+03
9.714285714280744344e+01,6.091032416182135421e+03
9.721428571423598441e+01,3.856201964185279394e+03
9.728571428566451118e+01,5.267818320964772283e+03
9.735714285709305216e+01,3.679373382026814852e+03
9.742857142852157892e+01,6.075633667764765050e+03
9.749999999995011990e+01,3.120268212912978470e+03
9.757142857137864667e+01,4.346261202668466467e+03
9.764285714280718764e+01,5.955590819379545792e+03
9.771428571423572862e+01,6.729536127485458564e+03
9.778571428566425539e+01,2.930137466798021705e+03
9.785714285709279636e+01,5.829521600445592412e+03
9.792857142852132313e+01,2.341568075934192620e+03
9.799999999994986410e+01,1.451406422060418299e+04
9.807142857137839087e+01,1.598370340650387107e+03
9.814285714280693185e+01,4.871527670716492139e+03
9.821428571423547282e+01,8.767471813437933861e+02
9.828571428566399959e+01,2.611620404536980914e+03
9.835714285709254057e+01,8.980784601923072842e+03
9.842857142852106733e+01,3.621077417794667326e+03
9.849999999994960831e+01,6.114300466077886995e+03
9.857142857137813508e+01,5.121187701610425393e+03
9.864285714280667605e+01,1.238008534023722859e+04
9.871428571423521703e+01,4.184537229746964840e+03
9.878571428566374379e+01,7.313535991750174617e+03
9.885714285709228477e+01,5.434407668374147761e+03
9.892857142852081154e+01,8.070815687371137756e+03
9.899999999994935251e+01,4.680124679708464100e+03
9.907142857137787928e+01,5.427797292542986725e+03
9.914285714280642026e+01,4.041511348103166711e+03
9.921428571423496123e+01,5.828918045469097706e+03
9.928571428566348800e+01,2.683275483211979918e+03
9.935714285709202898e+01,9.868123949012928051e+02
9.942857142852055574e+01,2.391891348593351722e+03
9.949999999994909672e+01,6.944316092169034164e+03
9.957142857137762348e+01,5.181008797033979135e+03
9.964285714280616446e+01,7.694392124524834799e+03
9.971428571423470544e+01,5.865900243009076803e+03
9.978571428566323220e+01,7.262661123623483945e+03
9.985714285709177318e+01,3.198369412191961601e+03
9.992857142852029995e+01,3.315695559343774676e+03
